distance_km,shipment_weight_kg,num_stops_on_route,dispatch_hour,day_of_week,weather_condition,vehicle_type,traffic_index,delivery_time_hours
51.39,7.1,3,17,Wed,clear,van,8.19,7.28
61.18,30.9,1,19,Tue,rain,van,5.35,4.86
47.81,2.3,6,17,Fri,clear,small_truck,6.77,7.4
45.01,55.2,4,22,Sun,rain,van,5.2,5.52
64.23,21.9,3,17,Mon,clear,van,5.04,5.49
46.6,43.8,2,2,Mon,clear,van,4.31,4.5
54.83,0.6,4,17,Wed,clear,small_truck,5.38,5.58
52.72,39.5,3,5,Fri,clear,van,3.97,4.66
64.2,12.7,3,18,Mon,clear,small_truck,5.32,5.2
41.9,25.1,5,15,Sat,clear,van,4.96,5.18
72.83,39.9,2,20,Sat,clear,van,3.11,5.59
37.66,23.3,2,22,Wed,clear,small_truck,5.92,4.58
56.24,36.6,4,16,Wed,clear,small_truck,7.38,6.53
53.66,19.0,3,22,Tue,clear,small_truck,4.07,4.44
99.57,58.2,2,12,Fri,clear,van,2.33,6.55
36.26,21.9,1,22,Tue,,small_truck,4.15,4.02
58.1,22.2,3,2,Wed,clear,small_truck,4.78,5.29
43.2,22.6,4,10,Tue,clear,large_truck,3.36,4.39
31.38,24.6,3,18,Wed,,small_truck,7.49,5.27
61.01,7.5,1,23,Sun,clear,van,5.38,4.9
26.49,10.5,8,20,Mon,clear,small_truck,1.69,5.05
33.8,48.4,5,8,Mon,clear,van,6.93,5.31
47.59,43.8,3,15,Wed,clear,small_truck,5.33,5.4
64.04,41.8,2,2,Thu,clear,small_truck,2.96,5.11
59.53,34.2,2,2,Sun,clear,van,5.42,5.47
51.07,16.1,1,16,Tue,clear,van,6.92,4.97
22.86,14.7,2,7,Thu,clear,van,6.83,4.64
36.95,23.8,1,13,Fri,clear,van,5.96,4.21
40.29,53.7,0,4,Fri,clear,van,1.81,3.95
30.76,28.6,4,19,Wed,rain,small_truck,2.74,4.34
20.24,10.0,7,2,Sat,clear,van,2.1,4.08
48.5,6.0,4,14,Wed,rain,van,5.92,6.02
60.27,44.7,2,16,Thu,rain,small_truck,4.63,5.73
39.01,65.5,3,19,Mon,rain,van,1.6,4.23
63.71,4.5,4,6,Sun,clear,small_truck,2.32,5.38
25.12,45.8,4,8,Sun,rain,van,7.0,4.84
29.98,33.6,0,13,Tue,clear,small_truck,2.32,2.31
48.1,12.3,4,6,Thu,clear,small_truck,2.64,4.4
37.67,28.9,3,17,Sat,clear,van,6.26,5.03
58.32,8.5,2,18,Mon,clear,van,6.91,5.85
54.6,20.6,4,18,Fri,clear,van,7.84,7.85
38.76,24.8,2,11,Sat,clear,van,4.07,3.09
26.16,57.8,3,15,Fri,clear,van,4.35,3.74
36.97,19.8,3,4,Sat,clear,small_truck,5.39,4.14
55.12,13.6,4,4,Tue,clear,small_truck,4.38,4.49
59.22,31.7,3,9,Thu,clear,van,8.14,7.87
37.74,37.3,6,4,Fri,clear,small_truck,2.98,5.87
20.19,13.1,1,19,Sun,clear,van,5.72,3.75
24.52,9.7,1,6,Mon,clear,van,5.04,3.49
53.38,10.5,5,22,Tue,clear,van,3.91,4.88
38.51,57.9,4,9,Wed,fog,van,6.33,6.63
38.88,36.1,4,18,Sat,clear,van,3.1,4.24
29.78,18.7,2,1,Sat,clear,van,5.93,4.15
29.54,51.4,5,17,Sat,clear,van,5.02,4.64
63.29,13.0,8,10,Fri,clear,large_truck,3.55,7.18
54.12,23.1,7,19,Thu,clear,small_truck,2.71,6.17
34.93,8.4,3,4,Wed,rain,large_truck,2.63,3.65
46.72,49.9,2,4,Thu,clear,van,3.1,4.57
49.91,12.1,0,20,Mon,clear,large_truck,3.86,4.19
83.19,12.4,5,13,Mon,clear,van,1.05,5.95
28.5,32.3,4,13,Mon,fog,van,1.77,3.78
49.65,2.0,4,14,Mon,clear,van,4.07,4.95
63.17,6.7,3,8,Wed,clear,van,8.37,7.32
79.3,40.9,2,22,Wed,clear,van,4.38,6.07
34.21,10.3,5,13,Sun,clear,small_truck,5.95,5.42
38.31,104.1,5,0,Sun,rain,small_truck,1.24,4.86
58.54,27.7,1,6,Sat,clear,van,3.58,4.89
22.7,4.1,3,23,Tue,clear,small_truck,3.09,3.9
51.57,67.8,3,11,Thu,rain,van,1.99,4.89
94.98,27.7,2,17,Thu,fog,van,8.39,12.59
53.69,21.0,8,0,Fri,rain,van,1.72,5.91
15.65,27.6,5,0,Mon,clear,van,3.52,3.6
31.55,4.1,4,4,Mon,clear,van,1.96,2.4
34.65,23.7,3,12,Wed,rain,van,3.18,4.49
68.81,11.0,3,14,Mon,rain,van,4.95,5.54
42.38,22.5,3,1,Wed,clear,large_truck,4.5,4.04
20.34,16.5,4,22,Wed,clear,large_truck,4.5,4.23
44.32,26.6,3,14,Sun,clear,large_truck,2.08,4.75
47.86,18.7,7,8,Fri,clear,van,4.26,6.19
36.47,15.6,3,10,Tue,clear,van,4.6,4.25
29.33,9.9,5,12,Fri,rain,small_truck,1.53,4.66
99.15,4.3,1,18,Mon,fog,small_truck,5.5,9.06
63.25,3.3,1,2,Sun,clear,van,5.22,4.43
65.49,6.9,6,13,Mon,clear,small_truck,3.05,6.93
42.42,38.6,3,12,Tue,rain,large_truck,3.33,5.13
33.97,9.4,3,18,Thu,,van,9.33,7.8
37.21,13.4,5,8,Fri,clear,large_truck,8.78,7.56
25.09,13.6,0,8,Thu,rain,van,4.33,2.41
82.54,16.7,1,19,Sun,clear,van,5.33,5.19
43.11,34.0,1,20,Tue,clear,van,3.47,4.15
75.03,18.5,2,19,Sun,clear,small_truck,4.99,6.26
37.95,43.9,1,20,Tue,rain,van,2.76,4.36
54.0,7.0,1,2,Sat,clear,small_truck,5.79,5.04
48.91,40.7,3,15,Wed,clear,van,4.98,5.56
23.95,62.4,3,16,Fri,clear,van,6.51,4.55
86.72,23.4,5,6,Mon,clear,small_truck,2.8,5.62
38.42,8.7,1,10,Sat,clear,van,2.06,2.48
27.35,34.4,3,23,Sat,clear,small_truck,2.38,3.02
58.72,23.8,3,3,Wed,clear,large_truck,3.21,4.37
45.24,30.1,0,19,Sat,rain,large_truck,2.77,3.73
52.07,44.8,5,7,Thu,rain,large_truck,7.36,7.05
47.08,17.4,0,20,Wed,clear,van,4.18,4.03
16.43,15.1,2,12,Fri,clear,van,1.97,2.63
236.38357187543835,117.7,2,0,Fri,clear,small_truck,2.3,4.95
30.58,34.8,4,2,Wed,rain,large_truck,1.23,3.69
65.11,50.4,4,19,Wed,clear,van,2.91,5.62
45.92,43.0,1,18,Thu,clear,large_truck,6.06,5.67
55.29,50.9,2,5,Mon,rain,van,1.53,4.62
39.38,30.9,0,15,Fri,clear,small_truck,1.43,3.03
56.37,46.6,5,12,Fri,clear,small_truck,2.34,5.87
42.45,13.5,2,1,Thu,clear,van,3.46,3.72
41.2,4.2,5,16,Sat,clear,van,8.74,8.35
48.78,10.6,7,3,Thu,rain,van,5.58,6.6
47.08,21.1,3,9,Wed,rain,small_truck,5.8,6.26
112.16,18.9,2,0,Sat,clear,small_truck,3.78,7.44
30.95,23.9,2,5,Tue,clear,van,3.8,3.21
22.78,12.8,2,22,Mon,clear,small_truck,2.72,2.92
51.61,2.4,3,12,Tue,clear,small_truck,5.28,4.53
32.82,17.0,2,17,Sat,clear,van,4.85,3.69
15.5,6.1,3,7,Wed,clear,van,6.04,3.1
27.96,23.1,2,1,Tue,rain,van,5.53,3.5
101.82,32.0,4,14,Thu,clear,van,2.73,6.21
30.6,16.7,7,5,Tue,clear,large_truck,3.56,6.19
19.42,8.2,4,2,Sat,clear,large_truck,5.35,3.53
99.17,24.8,2,11,Mon,rain,small_truck,2.64,8.82
27.49,122.0,6,9,Tue,clear,van,9.1,11.03
126.21,34.8,5,2,Sat,rain,small_truck,2.02,10.75
38.68,36.7,7,14,Fri,clear,van,4.42,6.36
86.87,15.3,4,10,Tue,clear,van,1.3,6.3
40.82,11.4,3,23,Sun,rain,large_truck,3.69,4.2
54.13,50.9,6,2,Mon,clear,large_truck,1.8,6.92
42.83,1.3,3,11,Tue,clear,large_truck,4.14,5.74
40.95,12.5,2,19,Tue,clear,van,4.08,3.85
49.9,72.1,3,10,Thu,clear,van,3.08,4.87
54.92,22.0,3,5,Thu,clear,small_truck,5.62,5.1
48.36,4.8,3,23,Wed,clear,van,5.46,4.85
46.35,32.7,2,7,Tue,clear,small_truck,7.0,5.53
32.93,16.8,2,22,Fri,rain,van,4.6,3.16
43.51,3.6,4,20,Wed,clear,large_truck,1.34,4.39
82.38,28.3,4,16,Sun,rain,van,5.2,7.76
32.3,25.1,1,18,Mon,rain,van,5.57,3.84
50.49,24.0,1,13,Sun,rain,large_truck,2.94,4.56
72.01,34.4,2,16,Sat,rain,small_truck,5.03,6.8
55.11,7.7,3,6,Thu,rain,van,2.59,4.45
65.39,30.4,1,1,Fri,fog,large_truck,3.85,6.6
27.3,26.6,4,14,Sat,rain,small_truck,1.83,3.98
50.54,50.2,4,19,Sun,rain,small_truck,1.53,6.11
39.99,12.3,7,20,Thu,clear,van,4.53,6.01
40.7,56.4,4,18,Mon,rain,small_truck,5.8,5.7
79.53,42.5,2,23,Sat,clear,small_truck,3.39,5.87
40.97,21.3,1,14,Tue,fog,small_truck,5.19,5.02
51.21,24.0,4,4,Sun,rain,large_truck,2.89,6.09
19.43,1.5,4,4,Sat,clear,van,1.49,3.47
86.83,23.5,2,6,Fri,clear,small_truck,4.93,5.99
63.85,40.4,1,23,Wed,clear,small_truck,4.69,5.14
44.18,18.7,5,21,Mon,clear,van,4.05,4.58
39.26,50.1,2,17,Thu,clear,small_truck,6.94,4.97
57.36,33.1,5,20,Tue,clear,small_truck,4.76,4.59
71.66,87.1,2,8,Sun,clear,small_truck,4.95,7.0
87.31,13.1,6,17,Sat,clear,van,5.5,7.78
63.0,37.7,1,4,Tue,rain,van,4.14,5.23
46.61,6.3,1,2,Mon,,van,1.83,4.5
66.91,20.1,5,15,Sun,clear,van,4.17,5.56
61.92,34.6,4,16,Thu,clear,small_truck,8.39,8.54
46.69,39.4,2,14,Sat,clear,small_truck,3.58,4.58
61.19,17.5,2,11,Fri,,small_truck,1.41,4.51
60.72,53.9,5,14,Wed,rain,van,4.31,6.23
44.07,62.1,1,8,Sat,clear,small_truck,7.7,7.5
36.16,13.2,3,7,Tue,rain,large_truck,4.27,4.79
58.59,20.7,2,6,Sat,clear,small_truck,4.06,4.93
28.64,18.9,2,8,Sun,clear,small_truck,4.11,3.41
25.89,15.2,6,7,Mon,clear,van,8.91,9.39
51.54,59.5,2,3,Sat,clear,large_truck,2.26,5.16
57.94,59.0,4,12,Fri,clear,large_truck,4.15,6.34
51.38,19.5,1,9,Sat,clear,large_truck,5.95,4.92
53.68,37.5,4,3,Sat,rain,small_truck,2.87,5.18
16.3,49.7,2,21,Sun,clear,van,5.5,4.11
57.54,28.5,2,12,Mon,fog,van,5.51,6.32
79.65,18.3,0,3,Wed,clear,van,2.7,5.12
63.44,12.4,5,1,Thu,clear,van,2.74,4.82
62.66,40.1,1,2,Sun,clear,van,4.27,4.9
49.91,6.9,3,9,Fri,rain,large_truck,4.59,5.78
50.68,18.7,2,5,Fri,fog,van,2.52,4.63
42.58,16.1,1,23,Wed,clear,van,1.1,3.96
53.03,6.4,2,11,Mon,clear,small_truck,1.47,4.6
28.02,22.0,3,17,Wed,clear,van,6.78,4.57
79.8,20.3,2,5,Thu,clear,van,2.6,5.15
31.41,10.2,2,1,Mon,clear,small_truck,1.41,3.24
63.39,57.9,5,8,Tue,rain,van,9.22,10.05
75.64,40.3,3,16,Sat,clear,van,5.33,6.72
63.33,24.3,2,18,Tue,rain,small_truck,5.49,5.73
105.68,44.8,3,4,Tue,rain,van,3.61,8.76
16.88,52.4,1,7,Mon,clear,van,7.2,4.23
335.17892947974855,59.7,2,11,Thu,clear,small_truck,5.36,4.99
75.12,13.0,4,8,Mon,clear,large_truck,6.5,6.94
25.43,44.8,5,7,Thu,clear,van,8.68,7.88
31.83,20.4,4,23,Mon,clear,van,3.62,4.57
56.07,27.8,3,22,Mon,clear,small_truck,3.98,5.37
46.38,13.6,5,8,Sun,clear,small_truck,5.95,5.82
54.66,23.4,0,1,Thu,clear,small_truck,1.89,3.74
48.02,45.3,1,8,Wed,clear,small_truck,8.06,7.21
49.84,70.2,3,21,Tue,clear,large_truck,3.72,4.83
33.19,21.7,1,21,Thu,rain,van,3.01,3.05
49.18,10.5,4,16,Tue,clear,small_truck,8.17,8.27
38.24,77.4,7,16,Tue,clear,van,6.51,8.07
40.46,12.6,6,8,Wed,clear,small_truck,7.86,9.12
63.04,4.3,3,10,Mon,clear,small_truck,1.68,4.8
24.85,14.6,6,21,Thu,clear,small_truck,1.15,3.89
13.83,50.7,7,5,Wed,clear,van,3.85,5.84
61.16,11.8,5,9,Thu,rain,small_truck,5.0,6.44
49.21,8.0,4,21,Sat,clear,van,1.59,5.12
75.61,25.9,3,16,Mon,rain,van,4.8,6.33
32.2,70.3,0,2,Tue,clear,small_truck,4.85,3.85
43.49,33.6,3,18,Wed,clear,van,9.55,8.12
47.11,6.7,4,1,Wed,rain,van,4.08,5.4
34.93,95.8,3,6,Mon,rain,van,4.86,5.64
30.44,30.7,4,22,Tue,clear,small_truck,5.19,5.08
62.42,47.1,3,1,Tue,clear,van,5.03,5.59
23.78,5.3,4,4,Sun,clear,small_truck,2.63,3.84
28.26,85.2,2,20,Mon,rain,large_truck,1.01,5.01
42.88,17.2,4,16,Thu,clear,van,6.61,5.72
65.41,4.8,2,5,Tue,clear,van,5.74,5.02
35.91,28.3,2,8,Sun,clear,large_truck,7.52,6.96
33.98,47.1,2,22,Thu,rain,small_truck,1.02,3.04
41.82,37.4,4,14,Wed,clear,van,5.52,5.45
52.58,36.9,0,7,Sun,clear,van,4.55,3.63
39.11,35.0,7,3,Fri,rain,small_truck,3.66,6.76
68.85,26.4,8,9,Tue,rain,small_truck,8.14,12.21
70.04,5.3,3,7,Fri,clear,van,7.04,6.67
42.88,20.1,4,10,Sat,clear,small_truck,4.42,4.86
93.56,17.9,1,1,Thu,clear,van,2.16,6.01
46.67,59.9,3,11,Mon,clear,van,5.85,5.67
69.07,50.7,2,5,Sat,rain,van,1.22,5.89
51.98,16.0,1,23,Wed,clear,small_truck,4.16,4.2
51.58,42.0,4,6,Mon,clear,large_truck,1.17,4.65
21.3,22.5,3,5,Wed,rain,van,1.21,2.49
27.21,4.3,7,7,Thu,clear,small_truck,4.5,5.16
39.98,1.6,2,14,Mon,rain,van,1.08,3.55
69.83,38.4,2,17,Tue,clear,van,5.17,5.71
52.28,9.1,4,7,Fri,clear,van,4.07,5.01
40.13,9.0,4,16,Fri,clear,small_truck,8.75,7.37
58.18,12.9,3,3,Tue,clear,large_truck,1.21,4.66
68.76,39.1,3,4,Tue,fog,van,4.06,7.31
45.45,51.2,4,6,Sat,rain,van,4.35,5.65
49.72,50.4,5,16,Mon,clear,van,7.36,6.59
47.1,3.7,2,13,Fri,clear,small_truck,2.84,4.07
44.26,12.4,3,11,Wed,clear,van,1.91,4.31
32.05,10.6,3,14,Sat,rain,large_truck,1.61,3.94
30.97,39.0,7,4,Mon,clear,small_truck,1.71,5.12
58.03,12.6,5,6,Tue,clear,small_truck,3.62,5.17
69.3,21.2,9,16,Sat,clear,van,7.53,11.22
40.1,41.6,4,23,Wed,clear,van,4.94,4.72
39.71,24.6,2,0,Wed,clear,small_truck,5.02,4.76
18.64,30.6,1,8,Fri,fog,small_truck,7.93,6.81
17.01,20.6,2,21,Thu,rain,small_truck,1.8,2.7
76.58,47.5,1,19,Thu,fog,small_truck,4.73,6.79
32.97,50.9,0,6,Mon,clear,large_truck,1.36,2.84
108.81,35.0,4,0,Fri,clear,van,5.4,8.47
35.49,51.0,3,13,Mon,fog,small_truck,3.63,5.4
21.63,116.9,2,16,Wed,clear,van,6.49,4.7
47.25,41.1,4,6,Wed,fog,small_truck,4.1,6.01
62.12,23.1,5,7,Fri,clear,small_truck,6.67,7.23
59.29,31.1,4,16,Fri,rain,van,7.57,8.47
64.67,54.7,4,12,Fri,rain,van,5.61,7.2
29.25,17.1,1,6,Fri,clear,van,2.74,2.92
75.83,15.9,3,20,Wed,rain,van,4.89,6.4
77.67,30.7,2,21,Wed,clear,van,2.81,4.23
79.07,22.8,4,17,Sun,clear,van,4.53,6.03
50.43,10.5,4,22,Fri,clear,van,2.89,4.26
38.79,27.3,5,8,Sat,fog,van,4.84,5.86
37.32,62.6,5,2,Sun,clear,van,3.2,4.88
21.58,34.1,0,17,Mon,clear,small_truck,4.53,3.26
35.83,8.6,2,13,Mon,clear,van,4.93,4.33
13.32,38.2,2,9,Mon,rain,small_truck,7.19,3.44
20.2,19.2,4,6,Thu,rain,large_truck,1.19,3.5
50.22,92.2,3,1,Sat,fog,large_truck,4.23,6.16
40.68,36.0,3,4,Sun,clear,small_truck,5.77,4.59
49.32,14.5,1,15,Fri,clear,van,1.32,3.38
60.17,40.3,3,5,Sat,clear,small_truck,2.78,5.07
53.07,28.8,3,22,Sun,rain,van,5.47,5.93
51.22,58.5,4,11,Tue,rain,van,1.17,5.24
43.69,15.8,2,2,Fri,clear,van,5.59,4.21
32.44,36.0,4,15,Fri,clear,large_truck,5.94,5.2
25.52,5.3,2,16,Tue,clear,van,6.29,4.52
36.24,26.4,2,4,Thu,clear,van,3.32,4.36
44.0,8.4,5,20,Mon,,van,5.94,5.25
46.31,28.1,3,17,Thu,clear,van,3.82,4.53
64.73,32.9,3,14,Thu,clear,van,2.59,4.62
42.36,35.0,1,2,Wed,clear,van,1.32,3.83
56.6,15.8,3,11,Thu,clear,small_truck,4.73,6.12
22.97,27.0,4,23,Fri,clear,large_truck,4.26,4.05
50.51,53.6,5,5,Sun,fog,small_truck,5.32,7.37
49.05,75.5,4,22,Wed,clear,small_truck,1.95,5.3
75.84,27.7,2,4,Fri,clear,small_truck,3.73,5.49
40.69,54.6,2,14,Thu,fog,van,4.57,4.93
39.97,11.4,3,9,Sun,clear,small_truck,6.07,5.91
60.34,18.0,3,1,Thu,rain,van,5.45,6.27
26.42,30.0,6,15,Sat,fog,small_truck,1.99,5.74
49.97,22.9,2,11,Wed,rain,van,1.59,4.22
25.81,21.1,5,7,Fri,clear,van,6.3,4.93
89.62,50.7,0,5,Tue,clear,van,4.99,5.55
37.73,9.8,7,11,Thu,clear,van,4.57,6.26
25.05,10.7,2,2,Tue,clear,small_truck,5.46,3.7
36.12,7.1,1,14,Fri,clear,small_truck,4.08,3.2
50.09,30.7,3,2,Tue,clear,large_truck,5.59,5.21
55.87,19.2,6,5,Thu,clear,small_truck,3.72,7.38
74.19,47.3,3,12,Thu,clear,small_truck,5.59,6.36
34.26,28.8,6,17,Sat,clear,small_truck,7.45,7.14
61.47,15.5,2,9,Mon,clear,small_truck,6.71,5.3
20.21,13.5,3,15,Tue,clear,small_truck,1.03,2.77
28.35,21.8,5,22,Fri,,van,5.93,4.33
23.27,8.5,1,14,Sun,clear,large_truck,3.49,3.32
31.64,51.6,0,18,Sat,clear,small_truck,7.75,5.82
60.33,18.4,4,11,Thu,clear,van,3.26,5.36
34.62,5.9,5,6,Tue,clear,van,2.81,3.29
37.45,58.7,7,8,Thu,rain,small_truck,5.96,7.16
50.65,22.1,3,8,Sat,clear,small_truck,5.72,5.8
54.91,38.0,3,13,Tue,clear,van,3.9,5.57
37.94,15.7,2,3,Sun,rain,van,5.04,4.47
28.26,60.1,4,18,Tue,rain,small_truck,6.94,5.61
83.45,12.0,4,3,Thu,clear,small_truck,3.63,6.2
38.05,19.2,3,16,Fri,rain,van,6.25,5.98
39.67,4.0,2,11,Wed,clear,small_truck,3.31,3.67
41.81,59.1,1,17,Tue,clear,small_truck,4.8,4.56
57.29,14.1,1,4,Wed,rain,van,4.72,4.63
22.41,31.3,2,5,Mon,clear,van,4.92,3.36
96.74,34.6,4,6,Fri,clear,van,2.19,6.59
39.21,52.7,9,18,Tue,clear,small_truck,6.73,8.3
58.09,29.5,0,6,Thu,clear,large_truck,2.42,4.44
25.18,23.1,1,8,Wed,clear,large_truck,8.6,6.8
48.54,49.0,3,3,Tue,fog,small_truck,2.49,5.07
90.41,34.2,4,5,Sun,clear,van,5.32,6.57
85.09,20.4,5,20,Wed,rain,van,4.5,7.71
57.46,61.0,4,2,Fri,clear,small_truck,5.83,6.09
30.72,36.1,5,21,Wed,clear,van,4.6,4.19
72.57,7.8,5,19,Wed,rain,small_truck,4.05,6.75
20.14,68.5,4,22,Tue,clear,large_truck,3.3,4.33
30.23,15.4,4,14,Sun,fog,van,3.36,4.29
43.8,52.5,2,16,Fri,,van,3.57,4.97
21.0,6.0,6,20,Wed,rain,small_truck,5.98,6.59
36.09,48.8,3,17,Thu,clear,van,7.07,5.73
61.98,8.3,2,13,Sun,clear,van,3.93,4.88
33.05,29.0,1,10,Fri,clear,small_truck,1.9,3.79
63.19,35.4,4,20,Sun,fog,van,3.16,6.47
107.53,20.8,1,7,Fri,clear,van,4.92,6.61
53.12,25.3,3,13,Fri,rain,large_truck,2.09,4.91
62.73,10.1,4,1,Wed,clear,van,3.74,4.87
73.59,45.3,2,15,Thu,rain,van,2.2,6.16
37.54,30.1,4,3,Fri,fog,small_truck,4.33,4.75
62.12,11.9,2,1,Sat,rain,van,2.88,4.81
37.14,31.0,1,7,Sat,clear,van,5.35,3.96
51.58,31.7,4,16,Wed,rain,large_truck,7.9,8.05
65.99,26.3,4,19,Thu,clear,small_truck,4.35,5.65
31.34,1.6,2,14,Wed,clear,van,3.02,3.23
13.95,18.4,2,15,Sun,clear,small_truck,5.65,3.96
30.04,44.8,3,5,Tue,rain,van,2.64,3.78
70.0,36.8,3,2,Fri,clear,large_truck,4.59,6.14
28.4,36.1,0,2,Tue,rain,small_truck,4.97,3.24
68.39,30.0,3,1,Mon,clear,small_truck,2.09,4.65
30.11,48.5,2,8,Mon,clear,van,6.5,3.87
41.24,15.3,1,17,Mon,clear,van,3.49,4.0
45.07,12.6,3,1,Sat,clear,van,2.65,3.87
28.34,80.2,1,8,Sat,fog,small_truck,5.02,4.88
41.44,13.9,2,14,Mon,rain,small_truck,4.86,4.93
21.6,7.5,3,1,Tue,clear,van,2.1,3.22
38.97,20.5,0,13,Wed,clear,van,1.13,3.7
43.53,27.0,2,9,Tue,rain,van,3.64,4.45
14.29,48.7,1,22,Wed,clear,van,4.82,2.92
29.93,18.5,1,11,Sun,clear,large_truck,1.72,3.45
50.93,18.3,4,12,Wed,rain,small_truck,4.22,6.47
26.9,25.1,3,20,Thu,clear,small_truck,2.01,3.2
54.41,15.9,0,17,Sat,clear,large_truck,4.83,4.27
56.61,6.1,6,13,Mon,clear,small_truck,5.03,5.71
50.84,8.1,3,15,Sat,clear,van,4.41,3.81
61.82,57.9,1,9,Thu,clear,small_truck,7.8,8.32
20.95,41.6,3,16,Fri,clear,van,8.52,6.6
67.21,24.5,3,7,Sun,fog,van,7.96,8.83
28.54,36.8,2,7,Fri,rain,small_truck,8.55,7.05
47.25,42.5,5,19,Wed,rain,van,1.68,6.07
88.91,14.6,4,9,Sat,rain,small_truck,5.34,7.69
38.62,10.0,3,12,Tue,clear,van,5.91,5.41
45.55,53.9,0,2,Wed,clear,van,3.88,3.65
28.62,2.3,2,8,Fri,clear,van,6.52,4.7
88.54,37.2,4,15,Thu,clear,van,3.53,6.21
29.96,28.7,3,12,Sat,clear,van,4.68,3.78
58.64,50.2,5,7,Tue,clear,van,6.85,6.34
73.54,38.2,3,0,Fri,clear,van,1.75,5.08
60.94,36.6,3,13,Tue,clear,van,1.51,5.03
52.14,11.0,1,8,Fri,rain,van,5.37,4.77
46.94,43.7,9,22,Sun,fog,small_truck,5.35,8.85
25.07,34.0,3,1,Sun,clear,small_truck,3.01,3.36
86.88,12.4,1,16,Sat,clear,small_truck,8.57,8.58
50.37,28.9,5,9,Fri,clear,van,6.29,5.75
45.56,8.9,5,6,Thu,rain,small_truck,5.65,6.61
27.54,21.9,3,17,Wed,clear,large_truck,8.96,7.49
46.49,102.2,3,12,Mon,clear,van,2.88,5.12
44.37,10.4,4,1,Thu,,large_truck,3.76,4.7
88.91,6.0,2,14,Sat,rain,small_truck,4.55,6.63
45.55,8.2,7,4,Sat,clear,van,1.23,4.94
46.18,21.6,2,20,Sun,clear,van,1.8,4.27
27.69,40.2,5,5,Tue,fog,large_truck,4.65,4.78
32.56,25.7,1,19,Sun,clear,van,5.57,3.79
55.78,7.0,2,7,Tue,clear,van,5.53,5.27
19.11,39.8,5,7,Fri,clear,van,6.01,4.05
67.06,3.5,3,0,Sat,clear,van,5.37,5.61
67.81,7.8,6,22,Fri,rain,van,2.33,6.51
31.07,15.4,1,13,Wed,clear,van,5.63,3.8
52.22,52.6,1,3,Mon,rain,small_truck,1.71,4.59
74.53,26.5,3,0,Thu,rain,van,2.26,4.98
42.86,27.3,3,6,Mon,clear,small_truck,1.18,4.17
39.52,7.1,6,11,Fri,clear,large_truck,1.47,4.88
41.59,16.7,0,0,Tue,clear,van,2.28,2.93
50.32,47.4,2,8,Tue,rain,large_truck,7.64,8.07
34.39,32.4,4,7,Thu,clear,small_truck,4.02,4.65
38.1,40.8,2,20,Tue,fog,van,5.7,5.45
50.74,24.3,2,9,Sun,clear,van,6.68,5.59
36.77,47.7,3,2,Mon,clear,small_truck,3.59,3.41
26.61,7.0,1,5,Sun,fog,large_truck,4.32,4.16
18.32,21.2,3,19,Sat,rain,van,1.68,2.98
45.92,36.0,5,0,Wed,clear,small_truck,4.44,5.15
72.61,4.9,3,3,Thu,rain,small_truck,1.6,5.7
53.3,1.0,3,0,Wed,clear,large_truck,5.13,5.6
27.07,80.3,4,1,Tue,clear,large_truck,3.44,4.38
32.45,26.8,2,22,Wed,clear,van,1.45,3.74
39.4,4.3,1,23,Wed,fog,van,4.54,4.84
90.1,26.3,0,17,Thu,fog,van,3.65,8.4
92.15,7.9,2,2,Fri,rain,van,5.87,8.01
87.6,11.0,1,16,Sat,clear,large_truck,6.76,7.59
47.88,53.8,6,18,Thu,rain,small_truck,4.92,7.36
136.82,15.7,2,18,Sat,clear,large_truck,5.95,8.79
33.15,15.6,2,17,Sun,clear,van,5.45,4.12
38.79,7.6,1,16,Sun,rain,van,8.23,6.91
64.93,18.7,2,10,Wed,clear,van,3.6,5.22
50.85,28.1,7,1,Thu,clear,van,4.22,6.54
52.05,15.7,3,19,Sat,clear,small_truck,1.29,3.69
17.55,94.4,3,22,Fri,rain,small_truck,5.26,5.14
29.09,9.6,5,12,Mon,clear,small_truck,3.64,3.87
44.23,9.6,2,10,Sun,clear,small_truck,3.62,3.68
33.37,18.0,1,22,Sat,rain,van,2.26,3.32
24.28,87.0,4,10,Fri,clear,van,1.39,3.69
35.08,41.3,6,8,Sun,rain,small_truck,5.9,7.0
50.85,15.3,1,21,Tue,clear,van,5.09,4.64
60.57,15.3,0,22,Sun,clear,van,3.74,4.01
18.01,9.3,3,4,Wed,clear,van,2.32,2.86
45.1,17.6,3,6,Sat,clear,large_truck,3.97,4.53
43.39,20.7,4,7,Mon,rain,small_truck,6.58,6.28
49.77,40.0,2,3,Thu,clear,van,2.12,4.32
27.3,34.1,1,20,Mon,clear,small_truck,4.7,3.98
27.54,17.1,8,23,Sun,clear,van,1.84,4.95
73.42,66.2,5,12,Thu,rain,van,3.92,7.21
12.43,13.5,2,17,Sat,clear,van,7.25,4.05
31.25,5.9,7,10,Sat,clear,van,1.31,5.06
37.99,29.1,3,23,Thu,fog,large_truck,4.48,5.63
39.65,51.1,2,22,Tue,clear,van,1.06,3.59
33.64,23.6,2,17,Thu,rain,small_truck,8.87,6.85
55.08,7.3,7,21,Wed,clear,large_truck,2.39,6.54
53.17,27.4,4,3,Tue,clear,van,1.77,4.69
42.58,30.0,4,21,Wed,clear,small_truck,1.65,3.79
34.49,32.4,4,10,Tue,rain,van,3.18,4.77
41.17,27.8,1,5,Sat,rain,van,2.44,3.92
46.68,55.8,3,22,Sun,clear,van,3.34,4.61
32.47,9.1,2,20,Tue,rain,small_truck,5.23,4.43
56.76,0.4,5,3,Tue,rain,van,1.52,5.41
66.86,3.5,4,15,Mon,clear,van,2.3,5.55
78.56,7.2,2,21,Wed,clear,van,1.57,4.83
76.57,45.0,4,16,Fri,clear,small_truck,7.84,8.98
39.54,18.7,4,11,Tue,clear,small_truck,4.12,4.84
47.64,69.8,3,1,Thu,rain,large_truck,5.24,5.61
42.24,8.4,5,11,Wed,rain,small_truck,4.65,5.72
42.18,68.9,5,13,Mon,rain,van,4.5,5.24
363.23652515861403,11.1,3,20,Tue,rain,van,1.8,3.46
45.45,20.7,2,5,Sat,rain,van,5.1,5.52
71.34,4.4,5,4,Sun,rain,van,1.04,4.86
51.49,62.7,6,22,Wed,fog,small_truck,4.57,8.37
26.76,23.1,2,20,Fri,clear,small_truck,5.07,4.55
65.7,97.3,0,13,Thu,rain,van,2.13,5.61
49.48,52.7,1,10,Wed,rain,large_truck,2.56,5.13
55.34,20.3,4,14,Fri,clear,van,2.21,3.98
51.07,12.8,2,3,Wed,clear,small_truck,5.1,4.6
52.03,46.4,3,5,Mon,rain,van,3.1,5.32
53.02,25.0,3,13,Wed,clear,small_truck,2.82,4.76
19.8,12.2,1,10,Tue,,large_truck,3.51,3.25
55.05,26.4,5,4,Thu,clear,van,4.65,5.69
33.08,2.8,2,12,Thu,clear,van,4.3,3.61
36.73,32.9,2,15,Thu,clear,small_truck,4.54,3.77
45.3,37.7,2,19,Tue,clear,large_truck,5.74,5.36
83.62,8.1,4,15,Sun,rain,small_truck,2.28,6.07
28.8,56.9,6,14,Mon,clear,van,2.03,4.97
44.66,48.7,3,13,Wed,clear,small_truck,4.25,5.46
40.63,30.7,1,2,Wed,clear,small_truck,1.73,2.9
65.31,10.4,7,9,Thu,clear,van,7.94,10.75
40.16,39.3,2,10,Wed,clear,small_truck,5.78,5.19
49.72,17.8,6,12,Sun,rain,small_truck,3.29,6.73
28.84,28.3,5,7,Sat,clear,van,5.66,4.99
69.79,42.1,3,17,Mon,clear,van,9.12,8.63
23.35,6.0,3,12,Fri,clear,small_truck,2.91,3.8
54.74,4.1,4,7,Thu,fog,van,4.53,5.5
49.85,16.4,4,11,Sun,rain,van,3.08,5.27
52.84,86.4,6,17,Wed,rain,small_truck,4.87,7.86
23.5,100.0,3,0,Thu,clear,van,1.42,3.45
39.81,32.4,2,8,Sun,clear,van,4.75,4.14
64.02,49.7,6,4,Thu,clear,large_truck,3.27,7.85
88.81,23.8,6,7,Fri,clear,small_truck,6.15,8.14
43.28,26.5,2,15,Wed,clear,van,4.67,3.64
61.56,20.7,1,5,Sat,clear,van,3.72,4.27
47.87,54.0,3,13,Mon,fog,van,5.3,6.25
44.21,70.4,2,9,Sun,rain,small_truck,7.86,8.43
37.89,26.0,4,1,Tue,fog,van,1.85,4.57
45.39,26.4,1,21,Fri,rain,van,1.21,3.18
59.33,21.6,3,14,Mon,clear,large_truck,4.53,5.54
61.31,71.6,4,7,Mon,clear,small_truck,3.32,6.12
25.65,45.4,1,12,Fri,rain,small_truck,2.97,3.67
36.45,10.1,0,23,Sat,clear,small_truck,1.27,3.06
28.2,84.6,2,3,Wed,clear,large_truck,3.29,3.57
46.33,1.5,0,20,Mon,clear,van,3.25,2.85
39.22,66.8,6,0,Mon,clear,van,5.23,6.51
52.12,51.0,2,20,Sun,clear,van,4.23,5.28
53.59,26.0,4,8,Sat,clear,van,5.41,5.17
15.87,25.5,5,7,Wed,clear,large_truck,6.59,5.09
15.2,22.5,0,18,Tue,clear,small_truck,6.67,3.52
45.25,10.6,2,3,Fri,rain,van,2.13,3.63
71.92,80.2,1,3,Sun,clear,van,4.88,5.55
36.46,24.9,1,11,Fri,rain,small_truck,3.34,3.93
36.0,10.4,3,22,Sat,fog,van,4.19,4.49
66.83,76.9,3,7,Sat,clear,small_truck,3.24,6.13
62.47,35.1,2,13,Wed,clear,large_truck,1.55,4.66
29.47,36.7,4,9,Sat,clear,small_truck,7.06,5.74
59.98,88.8,5,18,Tue,rain,van,8.05,9.44
32.31,40.4,1,21,Tue,rain,small_truck,2.6,3.75
35.85,14.6,6,23,Sun,clear,small_truck,5.73,6.56
29.46,40.4,5,6,Wed,rain,small_truck,5.25,5.23
25.56,11.5,1,6,Sat,clear,van,3.62,2.8
47.45,17.2,5,22,Wed,rain,small_truck,4.2,5.55
23.84,31.6,2,13,Sun,clear,small_truck,3.97,3.94
48.25,49.2,2,7,Tue,clear,van,5.86,5.28
47.62,15.4,4,8,Mon,fog,van,3.55,4.56
42.47,21.9,2,4,Thu,clear,van,5.02,4.09
37.18,21.8,4,2,Fri,clear,small_truck,3.3,4.03
34.14,55.3,3,8,Wed,rain,van,7.48,6.03
27.83,25.5,3,19,Tue,clear,van,2.87,2.72
78.8,83.9,3,15,Sat,fog,van,1.07,7.24
41.69,17.2,4,0,Wed,clear,van,1.63,4.17
41.11,16.0,1,1,Fri,clear,small_truck,1.79,3.66
30.08,65.9,3,20,Mon,clear,van,4.65,4.42
75.38,38.0,4,19,Sun,clear,small_truck,1.16,4.89
35.05,64.3,2,19,Sat,clear,van,5.1,4.42
50.14,7.8,4,20,Tue,clear,van,4.45,5.45
54.08,25.0,3,15,Thu,rain,small_truck,2.62,4.86
47.47,31.5,2,8,Sat,clear,large_truck,6.11,6.24
23.58,29.9,4,14,Sat,rain,van,5.66,4.94
58.95,22.2,0,15,Wed,clear,van,1.35,3.69
34.9,29.4,4,20,Mon,rain,van,2.82,4.42
62.22,30.6,4,12,Mon,rain,van,2.96,5.86
33.95,15.6,3,1,Sun,rain,van,5.82,4.55
44.07,53.7,3,14,Mon,clear,large_truck,5.88,5.47
55.42,77.5,7,17,Wed,rain,van,8.17,12.47
73.34,42.9,5,22,Sat,clear,van,2.91,6.55
58.06,34.3,1,4,Sun,fog,large_truck,5.45,6.21
55.97,23.8,0,20,Thu,clear,small_truck,3.42,3.87
60.03,31.4,4,0,Fri,rain,van,4.22,5.31
31.82,33.8,2,17,Thu,clear,small_truck,8.12,7.58
63.29,10.6,1,7,Mon,fog,small_truck,5.32,6.6
40.35,51.9,3,2,Thu,clear,large_truck,5.3,5.78
40.91,18.2,4,7,Sat,clear,van,5.61,4.75
46.85,68.3,2,13,Fri,rain,small_truck,5.36,5.43
38.8,28.7,4,4,Thu,clear,small_truck,3.74,4.2
28.99,52.5,3,13,Sat,rain,large_truck,2.24,3.01
45.39,42.4,4,17,Tue,clear,small_truck,8.68,7.81
40.99,7.9,6,21,Thu,fog,van,1.58,5.86
40.38,64.2,4,13,Tue,clear,large_truck,1.72,4.8
43.48,13.4,5,14,Mon,clear,van,1.74,3.94
15.97,17.1,1,22,Sun,rain,van,5.2,3.47
40.51,18.4,2,0,Sat,clear,van,5.36,4.09
77.07,5.2,4,18,Sun,clear,small_truck,7.39,7.41
74.56,29.7,0,23,Thu,rain,small_truck,2.4,5.73
46.05,54.8,5,19,Fri,clear,large_truck,2.97,5.67
45.41,67.2,6,22,Mon,clear,small_truck,1.92,6.04
13.95,22.2,3,21,Tue,clear,van,1.02,2.21
35.76,25.3,3,14,Mon,clear,small_truck,5.2,4.12
59.79,44.5,3,19,Wed,fog,van,1.97,4.94
38.4,22.7,5,8,Wed,rain,van,4.07,5.31
67.92,58.2,6,2,Tue,rain,large_truck,1.66,6.88
66.25,24.4,3,2,Sat,rain,large_truck,5.63,6.67
35.46,11.8,3,4,Fri,rain,small_truck,2.82,4.19
47.47,30.3,2,17,Thu,clear,van,7.62,6.53
79.57,6.4,3,9,Wed,clear,small_truck,4.49,5.9
23.34,30.0,3,19,Thu,rain,small_truck,3.65,4.03
38.76,34.4,1,7,Wed,clear,van,7.55,6.24
22.26,13.4,2,18,Sat,fog,van,4.8,3.99
30.84,33.4,1,21,Sat,rain,van,2.49,3.25
89.03,20.6,4,7,Tue,clear,van,5.71,6.84
38.76,13.0,3,12,Sun,clear,small_truck,5.44,4.31
17.84,5.5,3,12,Thu,clear,van,4.33,3.21
28.86,7.2,2,21,Tue,rain,small_truck,5.33,4.18
21.18,73.1,2,8,Sat,fog,large_truck,6.15,4.75
48.22,19.9,4,9,Wed,clear,van,7.33,6.09
53.76,33.8,3,18,Tue,clear,large_truck,7.45,5.42
63.64,22.1,4,21,Thu,clear,small_truck,2.38,5.58
58.48,74.3,1,0,Wed,clear,small_truck,3.11,4.38
23.85,13.0,1,1,Tue,clear,large_truck,2.22,3.38
52.65,27.1,0,22,Sat,fog,van,1.08,4.68
42.7,17.1,0,10,Wed,clear,small_truck,5.84,4.63
67.35,52.1,3,13,Thu,rain,van,5.79,6.31
61.17,33.5,8,21,Mon,rain,large_truck,5.12,8.38
93.86,26.3,3,9,Wed,rain,small_truck,4.62,8.89
29.88,8.2,2,10,Mon,clear,small_truck,1.1,3.15
28.02,96.9,2,20,Tue,clear,van,1.98,4.13
36.69,22.6,3,17,Sat,clear,van,8.91,7.54
43.41,11.1,1,16,Sun,clear,van,5.62,4.42
33.67,5.5,2,8,Wed,clear,van,5.74,4.28
30.56,6.9,3,16,Fri,clear,van,8.05,6.78
51.24,26.1,1,19,Fri,rain,van,3.39,4.55
36.64,52.7,6,21,Sat,clear,large_truck,4.27,6.81
33.06,31.9,2,15,Mon,clear,small_truck,3.82,3.88
23.83,5.9,3,20,Wed,clear,small_truck,3.86,2.86
14.57,26.1,2,19,Fri,clear,large_truck,5.36,4.25
75.54,63.9,4,17,Wed,clear,small_truck,4.98,6.94
74.62,19.4,1,12,Fri,clear,large_truck,1.7,4.91
61.93,32.0,3,10,Sun,clear,small_truck,3.02,5.15
56.06,20.1,3,15,Sat,clear,small_truck,3.67,5.52
35.21,37.3,3,21,Thu,clear,van,3.45,4.08
56.99,12.8,3,12,Tue,clear,small_truck,3.7,5.49
27.14,0.3,5,16,Wed,clear,small_truck,6.3,5.08
47.0,8.7,3,13,Thu,clear,van,3.59,4.12
31.85,17.4,3,15,Sat,rain,van,5.66,4.12
57.09,24.1,3,16,Sun,clear,large_truck,4.7,5.52
81.77,18.0,1,1,Sat,clear,large_truck,5.71,6.74
28.81,17.7,2,2,Tue,clear,small_truck,3.94,3.4
35.95,53.0,4,0,Mon,clear,van,1.24,4.12
46.64,10.1,6,18,Mon,,van,4.78,6.76
18.89,26.2,3,21,Tue,clear,van,3.86,2.68
21.65,6.3,5,8,Wed,rain,small_truck,6.51,5.17
80.79,42.9,3,1,Mon,rain,van,3.6,6.89
51.33,31.3,5,0,Sun,rain,van,3.24,5.63
34.39,95.7,5,10,Wed,clear,small_truck,2.39,4.26
44.6,9.7,2,15,Tue,rain,small_truck,4.03,4.29
36.76,76.7,1,7,Thu,rain,large_truck,8.73,7.01
47.21,11.0,5,14,Mon,fog,van,3.11,4.94
37.34,19.2,1,3,Sat,clear,van,4.48,4.08
43.17,7.4,3,17,Sun,clear,van,4.45,4.2
59.15,94.8,2,7,Sun,clear,small_truck,6.4,6.7
57.6,34.9,4,23,Wed,clear,van,4.81,5.85
78.91,35.1,0,18,Fri,clear,small_truck,8.31,7.68
52.82,12.0,1,11,Tue,rain,van,3.69,4.61
45.78,1.8,1,22,Mon,clear,van,3.83,3.1
83.71,18.6,3,23,Thu,clear,van,1.69,5.52
41.31,15.8,3,4,Sat,clear,large_truck,2.48,4.36
15.29,3.7,3,13,Mon,clear,small_truck,4.34,3.21
62.24,19.6,3,15,Sun,clear,small_truck,4.83,4.81
50.27,26.2,2,8,Wed,clear,van,4.27,3.92
44.89,36.6,6,23,Fri,clear,van,5.8,7.71
62.91,2.2,1,16,Mon,clear,van,8.92,7.8
37.48,7.9,3,18,Sun,rain,large_truck,5.65,5.05
15.67,12.4,2,4,Thu,clear,van,1.23,2.71
63.42,54.6,4,21,Thu,clear,van,2.71,5.98
33.87,53.9,5,23,Fri,clear,large_truck,5.79,6.2
29.32,33.5,2,21,Sat,clear,small_truck,3.22,3.55
16.1,19.3,2,10,Mon,clear,van,2.57,2.53
61.26,57.0,3,22,Mon,clear,van,5.47,6.19
12.6,30.5,1,0,Thu,clear,van,1.67,2.15
73.1,54.8,5,4,Sat,fog,small_truck,5.71,8.82
39.03,34.6,1,15,Sun,clear,large_truck,5.04,4.52
62.45,4.4,4,18,Mon,clear,van,5.07,5.83
53.47,1.7,4,2,Wed,fog,van,4.94,6.44
90.06,17.7,5,7,Sat,clear,van,7.81,8.93
52.88,46.7,2,2,Sun,clear,van,3.9,4.78
71.99,15.6,3,2,Tue,clear,small_truck,4.91,6.32
35.47,64.7,2,0,Sun,rain,van,3.5,4.09
21.61,43.7,7,23,Sat,rain,large_truck,5.21,6.2
66.37,60.8,3,21,Tue,clear,van,4.97,6.43
21.31,18.2,5,14,Sat,clear,small_truck,5.53,5.18
60.98,10.4,3,0,Fri,clear,small_truck,4.99,3.98
27.79,9.0,2,17,Sat,clear,small_truck,8.76,7.07
50.67,37.1,2,12,Sat,fog,small_truck,1.89,4.2
90.77,4.9,4,18,Tue,clear,small_truck,4.47,6.59
59.05,5.2,8,11,Fri,clear,small_truck,3.26,6.19
41.38,14.8,7,0,Thu,clear,small_truck,2.21,5.4
53.98,29.6,3,21,Sat,rain,small_truck,5.48,5.97
36.02,12.6,6,21,Mon,rain,van,1.9,5.46
105.08,54.0,1,21,Tue,clear,small_truck,3.29,7.22
32.77,61.4,4,15,Tue,rain,large_truck,3.61,4.56
43.29,0.8,5,22,Sun,rain,small_truck,5.37,6.05
56.91,35.1,4,1,Wed,fog,small_truck,2.3,5.88
52.39,15.7,3,9,Tue,clear,large_truck,9.48,8.35
54.8,48.2,0,7,Sat,clear,van,5.49,5.44
36.35,36.0,1,11,Fri,rain,small_truck,1.81,4.08
40.67,28.6,1,0,Fri,clear,large_truck,2.27,3.13
65.12,22.6,3,19,Sun,clear,van,5.41,5.63
63.81,5.3,3,7,Sun,rain,van,4.68,5.47
52.9,105.0,4,2,Wed,fog,van,1.16,5.9
75.63,7.8,3,4,Sun,clear,large_truck,2.46,5.43
66.17,77.3,3,2,Thu,clear,large_truck,3.72,6.29
63.03,41.2,3,16,Sun,rain,large_truck,5.64,6.24
21.12,16.4,2,22,Fri,clear,van,1.8,2.59
52.64,14.3,2,2,Mon,clear,small_truck,2.82,4.12
48.79,5.0,0,0,Sun,clear,van,4.46,3.96
79.59,25.8,4,21,Fri,clear,large_truck,3.18,6.2
9.72,4.8,2,9,Thu,clear,large_truck,7.86,6.02
42.27,56.1,4,2,Wed,clear,small_truck,5.74,5.7
47.15,30.8,1,4,Fri,rain,van,4.74,4.97
27.63,24.4,3,16,Sun,clear,large_truck,8.98,7.41
30.03,27.0,2,2,Mon,clear,large_truck,2.44,3.16
79.69,31.7,3,9,Tue,clear,large_truck,6.17,6.79
54.72,18.9,2,23,Mon,clear,small_truck,2.72,4.12
90.85,21.1,1,10,Tue,fog,van,3.42,8.73
41.95,82.9,1,3,Mon,clear,van,1.56,4.26
23.44,52.3,4,18,Tue,rain,van,7.14,5.35
39.44,39.9,8,10,Thu,clear,large_truck,3.63,6.68
36.6,16.4,2,9,Sat,fog,van,6.26,4.49
59.89,3.0,4,6,Thu,clear,small_truck,2.17,4.61
58.91,36.6,4,18,Tue,fog,large_truck,5.85,6.34
55.83,26.9,0,11,Mon,clear,van,2.84,4.25
102.43,20.7,1,11,Sun,rain,small_truck,3.69,9.29
73.84,23.5,4,18,Tue,clear,small_truck,6.41,6.56
30.96,8.3,2,8,Sat,,small_truck,6.88,4.64
67.06,10.9,3,15,Tue,clear,small_truck,3.93,5.5
45.87,52.4,3,4,Fri,rain,small_truck,1.56,4.3
41.46,2.0,0,13,Sun,clear,van,2.12,2.92
77.6,47.2,4,10,Sun,clear,small_truck,4.02,6.57
30.1,66.7,7,12,Mon,clear,large_truck,3.66,6.35
65.24,36.1,0,8,Thu,clear,van,4.81,4.89
61.06,34.8,3,3,Thu,clear,van,1.86,4.58
29.84,10.8,0,22,Sun,clear,van,5.6,3.1
20.78,12.4,4,9,Sat,clear,small_truck,7.03,5.05
43.76,17.6,0,17,Tue,fog,van,5.24,5.41
9.13,6.6,1,21,Sun,clear,van,4.6,1.72
70.2,11.6,3,10,Wed,clear,small_truck,2.28,4.2
52.55,26.8,2,19,Fri,clear,small_truck,2.33,3.81
78.62,16.7,3,10,Tue,clear,small_truck,5.14,6.03
51.08,28.7,3,1,Tue,clear,large_truck,5.54,5.45
80.78,52.2,2,21,Mon,rain,van,3.34,6.51
34.95,28.5,3,20,Mon,rain,large_truck,4.16,4.82
55.75,35.1,0,13,Sun,clear,small_truck,2.81,4.1
38.22,4.7,3,19,Tue,clear,van,4.17,4.54
43.19,51.6,3,16,Fri,clear,van,8.36,7.22
47.08,4.5,5,19,Sat,clear,small_truck,4.61,5.51
52.48,15.7,4,1,Mon,clear,small_truck,1.2,5.19
32.89,8.7,3,19,Wed,clear,small_truck,1.49,2.8
54.66,3.0,1,5,Thu,clear,small_truck,4.54,3.66
46.1,27.4,2,23,Wed,clear,large_truck,3.66,4.62
24.05,37.3,5,23,Sun,clear,van,5.72,5.04
19.32,67.8,2,1,Tue,fog,small_truck,1.52,3.58
70.31,30.5,2,15,Sat,fog,van,5.95,6.25
14.47,11.5,2,9,Thu,clear,van,4.64,2.36
42.3,16.3,2,6,Wed,rain,small_truck,1.16,3.74
224.9049295715193,3.6,3,23,Wed,rain,van,5.49,4.17
86.2,17.8,5,9,Fri,clear,van,6.22,7.11
56.93,24.2,4,13,Wed,clear,van,2.43,4.85
51.91,36.2,1,7,Fri,clear,large_truck,7.62,7.34
31.6,43.6,1,16,Mon,rain,large_truck,5.21,4.96
23.89,35.3,4,6,Tue,rain,large_truck,5.94,4.67
48.82,10.4,5,8,Thu,clear,van,7.56,7.65
44.9,7.7,7,16,Tue,clear,van,8.23,10.67
27.83,41.3,0,5,Mon,rain,van,2.61,2.84
27.39,2.8,8,18,Tue,clear,small_truck,3.93,5.41
26.77,90.7,3,23,Thu,clear,large_truck,4.99,5.06
26.35,12.6,3,16,Sun,clear,van,4.66,3.35
34.45,56.7,3,8,Fri,rain,small_truck,4.99,4.63
51.92,14.7,3,4,Sun,clear,van,3.94,4.48
55.51,38.0,2,13,Thu,clear,small_truck,4.78,5.04
44.52,8.0,0,10,Mon,clear,large_truck,3.04,3.98
47.9,25.3,1,5,Tue,clear,small_truck,3.95,3.87
56.59,3.9,5,8,Sat,clear,small_truck,8.7,8.53
16.94,31.7,2,23,Fri,clear,van,2.41,3.28
49.46,7.9,2,4,Sat,clear,van,1.22,4.1
75.19,9.2,2,6,Wed,rain,van,2.11,5.45
41.84,17.1,0,8,Sun,rain,small_truck,6.8,4.95
69.14,20.2,3,21,Wed,clear,small_truck,4.89,5.42
42.17,36.2,3,8,Sat,rain,van,5.96,5.55
58.13,33.6,3,7,Tue,clear,small_truck,7.06,6.84
51.48,27.4,6,7,Thu,clear,van,6.92,7.82
26.57,47.1,2,22,Sun,clear,van,3.44,3.55
29.41,32.9,4,8,Sat,clear,van,5.06,4.61
80.78,34.7,8,8,Wed,clear,large_truck,4.09,8.07
63.28,9.1,1,8,Sun,clear,van,4.12,4.21
43.36,49.7,3,20,Thu,rain,large_truck,2.35,4.82
40.97,45.5,1,17,Sun,clear,van,4.77,4.34
31.69,28.5,2,14,Mon,clear,van,1.96,3.55
53.29,44.3,3,5,Sat,rain,small_truck,4.04,5.58
32.89,23.8,4,2,Fri,clear,van,3.27,4.18
38.72,70.2,2,2,Tue,clear,large_truck,2.25,3.34
34.39,26.5,4,7,Tue,clear,small_truck,4.28,4.59
61.67,23.2,1,18,Sat,clear,van,5.35,4.75
42.61,33.1,4,18,Sat,rain,large_truck,6.5,5.73
48.05,80.3,6,18,Tue,clear,van,5.75,7.42
26.81,15.2,1,16,Mon,fog,van,6.67,5.01
34.29,31.4,4,12,Wed,clear,large_truck,2.89,4.39
48.49,16.2,1,8,Wed,clear,van,5.18,4.7
21.33,23.1,5,17,Fri,clear,small_truck,7.6,6.65
41.27,11.5,1,4,Sat,clear,van,1.21,3.95
45.09,34.0,1,1,Tue,clear,large_truck,2.84,3.52
25.29,24.8,3,19,Wed,clear,van,3.93,3.61
67.88,43.6,6,11,Tue,clear,van,4.32,7.48
52.24,52.4,3,14,Mon,rain,large_truck,3.41,5.66
42.48,58.1,4,22,Sun,rain,small_truck,4.99,6.3
33.22,16.7,2,16,Sat,clear,small_truck,6.18,3.65
20.94,33.1,2,18,Sat,clear,small_truck,7.72,6.07
65.76,60.7,6,11,Sun,clear,small_truck,2.23,6.74
319.33576775549113,11.4,1,7,Mon,clear,van,5.81,4.01
23.43,26.9,5,8,Wed,clear,small_truck,3.47,3.46
32.81,12.1,4,21,Sat,fog,van,3.89,4.51
54.51,79.6,1,9,Fri,clear,van,5.03,5.05
50.03,60.2,3,22,Sat,clear,van,4.41,5.22
27.89,37.4,4,0,Wed,clear,small_truck,4.71,4.94
70.51,37.0,3,7,Mon,clear,van,5.24,6.01
23.29,13.2,3,22,Thu,rain,van,4.04,3.85
76.43,65.2,1,13,Sat,clear,small_truck,4.66,6.47
49.15,19.4,5,8,Sat,clear,van,8.33,8.54
38.41,14.4,2,4,Tue,clear,van,1.53,2.35
40.7,54.5,3,11,Fri,rain,van,3.74,5.19
46.85,17.9,2,22,Fri,clear,van,5.62,5.01
56.24,14.9,3,8,Wed,,small_truck,5.17,5.2
19.21,45.4,2,11,Tue,clear,small_truck,4.14,3.4
32.34,8.4,1,8,Tue,clear,van,5.59,3.3
46.23,37.7,1,20,Mon,,van,5.02,4.46
71.61,27.2,2,16,Thu,clear,small_truck,7.44,6.91
70.49,42.8,2,14,Wed,clear,van,5.75,6.24
82.87,34.8,4,16,Fri,rain,van,7.44,8.19
69.11,114.2,2,9,Fri,fog,small_truck,6.5,8.49
31.28,29.2,1,19,Fri,clear,small_truck,3.71,3.96
45.01,17.9,1,14,Sun,clear,van,4.9,3.43
69.28,24.9,4,1,Mon,fog,van,4.69,7.18
66.52,34.5,2,8,Mon,clear,small_truck,4.44,5.35
41.56,76.6,3,20,Wed,clear,van,2.5,4.64
55.6,39.5,2,6,Mon,clear,van,4.41,4.97
37.11,12.6,3,22,Sat,rain,large_truck,1.5,4.43
22.44,222.3,2,19,Wed,clear,van,4.3,4.74
43.1,50.9,4,23,Tue,clear,small_truck,5.32,5.96
42.02,11.9,2,19,Mon,rain,small_truck,2.84,3.99
36.35,9.2,5,3,Sun,rain,van,2.09,4.2
56.33,7.6,2,4,Wed,clear,van,5.27,4.16
40.98,23.9,0,11,Thu,clear,small_truck,3.41,3.54
53.14,24.7,5,8,Tue,clear,van,8.44,8.31
61.21,14.1,4,22,Sat,clear,van,1.39,4.59
107.68,6.5,2,20,Sat,clear,large_truck,2.06,6.15
43.41,9.4,2,18,Wed,clear,van,3.68,3.43
72.02,40.1,3,22,Sat,rain,small_truck,3.24,6.53
49.73,19.7,5,1,Wed,clear,small_truck,5.41,4.98
50.92,10.4,6,16,Sun,clear,small_truck,6.91,7.58
43.65,27.1,5,20,Sun,clear,van,1.09,4.88
47.96,31.2,7,23,Thu,clear,small_truck,1.12,6.68
41.14,33.8,2,20,Thu,clear,small_truck,4.6,4.03
66.88,26.3,4,19,Sat,clear,van,1.46,5.22
32.87,23.3,2,18,Mon,rain,small_truck,5.57,4.39
22.34,57.6,5,3,Thu,clear,large_truck,4.49,5.35
35.84,9.7,1,9,Sun,clear,van,5.26,3.96
34.21,20.9,1,21,Tue,rain,van,3.45,3.55
35.84,3.5,5,15,Wed,clear,small_truck,2.98,3.86
42.69,18.7,7,6,Sat,rain,van,2.72,5.92
35.89,28.6,3,17,Fri,clear,large_truck,4.67,4.4
42.44,45.1,4,0,Thu,clear,van,3.04,4.53
35.94,3.6,8,9,Mon,clear,van,4.15,5.94
53.6,27.9,4,18,Tue,fog,van,9.59,9.34
107.26,84.4,2,18,Sat,clear,van,6.53,7.83
49.32,35.6,2,12,Thu,clear,small_truck,4.64,5.08
36.57,8.1,2,6,Sun,clear,van,2.46,3.63
13.9,18.7,1,11,Mon,clear,large_truck,2.31,2.32
92.09,36.5,1,4,Wed,clear,van,3.41,5.81
50.46,14.7,4,22,Mon,clear,small_truck,4.66,4.81
42.28,30.4,2,20,Tue,clear,small_truck,1.02,4.73
14.34,29.1,6,17,Mon,rain,van,4.06,4.56
43.21,23.6,3,8,Thu,clear,large_truck,7.9,7.57
47.79,7.2,3,3,Tue,clear,van,2.76,4.26
36.0,13.4,2,1,Tue,clear,small_truck,5.28,3.99
24.32,90.1,5,9,Sun,clear,van,4.24,4.49
23.59,17.7,3,19,Thu,clear,van,5.06,3.73
92.7,19.6,6,8,Thu,clear,van,6.29,8.28
47.22,19.5,3,19,Fri,clear,van,1.84,4.06
35.98,44.3,3,4,Thu,clear,large_truck,1.06,3.65
46.05,20.4,2,19,Mon,clear,small_truck,5.41,4.83
44.75,24.1,6,1,Thu,clear,large_truck,2.44,5.05
23.04,28.0,4,8,Sun,clear,small_truck,5.31,4.08
65.08,47.9,3,3,Fri,clear,small_truck,1.92,4.98
41.82,24.1,3,14,Fri,clear,large_truck,2.78,4.76
47.49,26.2,4,4,Thu,clear,small_truck,3.62,4.12
79.69,15.3,3,0,Wed,clear,large_truck,3.39,6.34
24.66,31.0,0,7,Thu,clear,van,7.37,4.27
32.12,37.8,4,0,Wed,clear,small_truck,1.99,3.25
51.58,39.7,3,9,Fri,clear,van,8.69,8.17
64.55,81.0,2,6,Sat,fog,van,5.55,6.77
34.54,12.5,3,22,Mon,rain,van,1.18,3.82
35.39,24.9,2,12,Thu,fog,large_truck,4.76,5.26
58.39,20.5,1,10,Tue,clear,small_truck,2.37,4.57
103.68,71.4,2,14,Sun,fog,van,3.24,9.62
46.69,40.8,2,3,Tue,clear,large_truck,1.31,4.49
32.08,5.2,4,3,Mon,,large_truck,2.47,4.56
28.03,14.2,3,3,Fri,rain,small_truck,1.56,3.39
42.64,18.5,2,20,Tue,clear,van,2.16,3.57
63.34,6.1,3,17,Tue,clear,van,3.57,5.17
122.65,26.4,3,23,Thu,clear,large_truck,5.69,7.31
39.67,15.9,4,19,Sun,fog,van,5.48,5.15
46.72,83.3,1,2,Mon,clear,van,4.25,5.1
86.2,30.8,6,3,Thu,clear,van,2.63,7.36
51.23,17.9,4,19,Wed,clear,small_truck,5.72,5.48
49.46,10.4,3,13,Tue,clear,van,5.86,4.69
79.27,23.3,2,14,Thu,rain,large_truck,4.97,6.9
47.18,67.2,1,5,Sun,clear,small_truck,4.41,4.53
29.07,20.7,2,12,Tue,clear,large_truck,2.64,2.86
72.58,23.5,2,21,Tue,rain,van,5.42,6.87
21.27,52.5,3,11,Tue,clear,van,3.5,3.37
67.55,30.1,4,16,Fri,rain,small_truck,7.94,9.08
45.18,43.7,1,17,Tue,rain,large_truck,4.6,4.36
39.84,32.4,2,22,Fri,rain,van,1.11,3.61
39.41,31.1,1,5,Mon,fog,van,5.94,5.47
42.57,4.9,2,21,Fri,rain,small_truck,4.11,4.84
37.41,9.0,6,14,Tue,clear,small_truck,4.43,5.81
54.29,27.8,3,19,Mon,clear,van,1.25,3.99
37.97,11.3,3,6,Mon,,van,3.11,4.48
17.71,23.3,3,2,Sat,clear,van,2.42,3.16
45.32,8.3,4,2,Sun,clear,van,5.18,4.3
17.18,52.8,1,9,Wed,rain,van,7.03,4.33
45.2,12.5,2,13,Tue,clear,small_truck,2.92,4.29
37.09,10.3,4,6,Sat,clear,van,1.74,3.66
65.51,6.5,2,6,Mon,clear,van,2.92,4.58
40.55,39.4,1,19,Wed,rain,van,2.81,3.73
61.62,23.3,5,17,Sun,rain,van,8.85,9.5
58.75,51.5,2,15,Wed,rain,small_truck,5.24,6.69
59.41,15.4,4,15,Sat,rain,small_truck,2.9,6.12
81.97,8.8,4,20,Wed,clear,small_truck,3.05,5.68
41.16,22.5,3,5,Tue,clear,van,5.88,4.71
46.44,58.7,3,22,Wed,clear,van,2.89,5.12
53.7,4.8,1,20,Sun,clear,small_truck,4.14,4.55
47.03,29.6,4,8,Thu,rain,van,4.18,5.52
40.58,31.9,3,8,Sun,clear,van,6.53,4.44
30.25,65.4,1,4,Sun,clear,small_truck,2.21,3.91
45.54,11.7,2,17,Sat,rain,van,4.42,4.51
22.38,4.4,1,7,Wed,rain,van,5.5,3.58
16.55,16.8,6,6,Fri,clear,van,3.37,4.29
27.2,43.3,2,16,Wed,clear,van,6.07,4.97
59.13,24.5,3,4,Fri,clear,large_truck,5.08,5.3
49.88,34.4,4,2,Fri,clear,small_truck,3.24,5.71
59.38,9.4,1,20,Sun,rain,van,1.27,4.37
33.39,19.7,1,0,Sat,clear,van,3.19,3.2
68.26,25.2,5,22,Thu,clear,van,1.5,4.89
23.59,5.6,4,16,Sun,clear,small_truck,5.12,3.93
27.66,25.1,3,8,Sat,clear,small_truck,3.78,3.78
67.77,18.2,0,13,Wed,rain,van,4.96,5.48
48.39,129.6,6,7,Mon,clear,large_truck,5.74,8.31
59.52,23.7,4,9,Wed,clear,small_truck,4.53,5.49
49.97,67.8,2,16,Fri,clear,small_truck,5.86,5.76
35.45,34.2,5,21,Tue,clear,large_truck,2.01,4.96
26.18,21.5,2,5,Sun,clear,van,4.59,4.01
18.67,61.1,2,12,Sun,clear,van,5.71,4.28
89.24,8.1,3,20,Mon,rain,van,1.85,6.53
20.88,16.5,1,0,Wed,clear,van,2.38,2.14
78.17,45.1,5,0,Tue,clear,van,4.56,6.72
47.29,2.0,2,14,Sun,clear,large_truck,4.16,4.04
50.61,23.1,1,3,Sat,clear,large_truck,5.14,5.25
49.24,22.9,1,23,Fri,clear,small_truck,4.25,4.46
56.48,28.9,6,2,Sat,clear,small_truck,1.95,6.53
31.99,19.9,4,17,Sat,clear,van,7.77,7.32
15.42,43.8,2,7,Sat,fog,van,5.73,4.18
35.14,12.3,3,22,Fri,clear,van,1.42,3.08
54.52,48.2,3,20,Sun,rain,small_truck,5.7,5.32
27.78,9.1,1,19,Thu,rain,small_truck,3.92,3.72
68.95,30.6,5,15,Mon,clear,small_truck,2.66,5.67
42.9,56.2,4,5,Wed,clear,large_truck,2.28,5.16
26.62,11.3,4,2,Fri,clear,van,1.42,3.49
48.2,13.9,2,6,Sun,clear,van,3.8,4.42
54.14,49.4,5,1,Fri,clear,van,5.35,6.08
55.75,27.4,4,18,Tue,clear,large_truck,7.56,7.48
9.38,4.5,2,6,Tue,clear,van,4.81,3.32
8.54,28.2,2,10,Sat,clear,van,3.99,2.29
67.8,38.7,3,14,Tue,clear,large_truck,1.05,4.95
22.75,50.8,2,16,Mon,clear,van,6.72,4.3
67.84,30.1,2,14,Fri,clear,van,1.18,4.59
70.41,35.1,2,17,Thu,rain,van,5.27,6.19
26.21,72.4,1,2,Fri,clear,van,1.88,3.02
28.59,46.0,3,6,Thu,clear,small_truck,5.45,4.92
60.76,19.3,2,18,Fri,rain,large_truck,5.81,5.68
38.07,21.4,1,17,Wed,clear,van,6.65,4.3
74.7,54.6,1,15,Thu,clear,small_truck,5.38,5.16
83.26,29.6,4,22,Tue,clear,van,4.39,5.98
26.61,26.4,3,23,Fri,clear,small_truck,1.66,2.72
31.72,18.8,2,2,Fri,clear,van,3.31,3.74
47.16,53.2,1,13,Wed,clear,van,4.85,4.65
15.2,11.9,3,21,Thu,clear,van,3.22,2.61
18.94,16.5,6,7,Tue,clear,large_truck,5.67,4.48
30.13,53.0,6,1,Sat,fog,van,4.22,5.65
95.11,52.6,3,2,Fri,rain,van,3.04,8.08
50.17,102.5,3,17,Fri,clear,van,6.47,6.08
33.99,23.2,1,22,Fri,rain,large_truck,1.62,3.97
28.49,19.0,2,16,Sat,clear,van,7.75,5.56
26.07,20.6,2,0,Sat,rain,large_truck,5.61,3.93
35.06,5.1,1,9,Tue,rain,van,5.74,3.52
34.2,2.5,9,8,Wed,clear,van,5.58,6.62
40.98,30.0,5,21,Thu,clear,van,1.85,3.41
55.21,17.9,2,12,Sat,clear,van,3.93,3.83
43.67,12.7,1,5,Mon,,van,2.0,3.55
62.26,26.1,2,13,Sun,clear,van,4.07,5.55
39.74,30.6,3,17,Wed,rain,van,7.81,7.38
85.93,21.9,5,13,Wed,clear,van,1.9,5.88
61.63,22.4,5,10,Tue,clear,small_truck,2.13,6.11
49.6,17.7,2,17,Thu,clear,van,4.37,4.22
55.29,40.8,3,7,Tue,clear,van,5.23,5.18
35.48,15.5,2,3,Sun,clear,large_truck,5.41,4.29
40.7,10.4,3,20,Wed,clear,small_truck,1.08,4.24
40.03,17.1,2,17,Wed,clear,small_truck,6.5,5.08
32.24,29.0,7,17,Mon,clear,van,5.48,6.46
24.05,42.5,7,21,Sat,clear,small_truck,2.59,5.43
56.53,82.1,5,17,Sun,clear,van,4.36,5.9
66.31,26.2,5,0,Fri,rain,van,5.16,6.62
53.22,68.4,4,20,Sun,rain,van,5.11,5.88
43.61,14.4,4,0,Wed,rain,large_truck,1.2,4.46
101.92,12.3,3,16,Fri,rain,van,6.44,9.59
33.8,33.9,4,23,Sun,clear,van,3.07,4.01
50.3,37.6,3,9,Sat,rain,van,4.21,5.62
70.25,28.3,2,7,Tue,rain,van,6.06,6.6
27.3,131.5,3,22,Sun,rain,van,1.94,4.64
58.32,15.1,3,10,Mon,rain,van,4.82,5.29
88.3,59.8,3,22,Mon,clear,small_truck,3.24,6.0
45.14,12.6,4,7,Tue,clear,van,7.56,6.77
48.44,39.8,0,4,Sat,rain,small_truck,5.84,5.54
33.89,25.4,3,13,Sun,clear,van,3.01,3.07
55.03,29.8,2,8,Thu,clear,van,6.78,5.62
31.89,34.2,3,17,Wed,fog,van,8.84,7.81
44.02,26.1,4,7,Thu,fog,van,5.37,5.59
22.68,22.3,0,18,Fri,clear,van,4.18,2.85
11.64,3.9,2,8,Tue,clear,van,5.63,3.22
36.82,47.3,7,8,Tue,clear,van,7.34,6.9
36.57,7.6,1,17,Wed,clear,small_truck,8.18,6.08
38.19,18.0,2,6,Thu,clear,large_truck,3.28,3.99
60.86,31.4,3,6,Sat,clear,van,3.22,4.91
67.08,9.1,1,13,Thu,rain,van,3.49,4.6
51.18,22.3,2,7,Mon,clear,van,7.0,5.39
59.1,43.6,4,9,Tue,clear,small_truck,8.07,8.47
32.29,17.7,2,8,Mon,clear,van,6.19,4.67
28.91,22.6,2,14,Wed,clear,van,4.98,3.78
55.49,10.9,2,8,Thu,rain,small_truck,4.26,5.01
27.13,19.5,1,14,Tue,clear,small_truck,5.38,4.02
202.31368970139036,7.8,5,5,Mon,clear,van,5.85,5.02
124.43,28.7,3,21,Mon,clear,small_truck,5.78,7.78
46.37,6.1,3,22,Fri,clear,van,5.91,4.67
36.58,14.7,3,0,Thu,clear,van,4.49,3.28
34.8,25.6,4,2,Sun,rain,small_truck,4.36,4.43
22.98,21.1,6,2,Thu,rain,small_truck,1.34,5.29
50.73,32.7,3,4,Wed,rain,van,2.41,4.35
39.7,22.6,1,18,Mon,clear,van,7.82,6.53
66.29,3.9,3,5,Sat,clear,van,2.81,4.92
56.21,9.0,5,14,Wed,fog,large_truck,4.1,6.32
39.12,24.6,1,6,Fri,rain,van,3.93,3.85
17.14,51.9,4,1,Thu,clear,large_truck,3.9,4.7
46.42,45.6,4,2,Mon,rain,large_truck,2.85,5.76
44.68,129.2,4,22,Sun,clear,small_truck,5.42,7.18
15.42,16.1,1,13,Mon,,large_truck,2.24,1.61
53.54,42.6,3,15,Fri,rain,van,4.85,5.87
26.72,40.5,3,4,Tue,fog,van,1.13,2.72
67.72,70.1,2,11,Sun,rain,van,5.19,6.46
43.54,57.7,3,15,Tue,rain,small_truck,4.79,5.36
34.37,30.3,7,18,Thu,clear,large_truck,8.82,10.03
49.15,37.8,3,15,Mon,clear,van,1.6,3.92
47.89,32.8,2,14,Sat,clear,van,5.02,4.54
47.16,23.9,1,14,Tue,clear,van,2.55,3.86
64.02,35.9,5,8,Mon,clear,van,5.53,5.8
50.4,28.0,4,16,Tue,clear,small_truck,5.88,5.36
33.05,27.1,3,7,Thu,clear,small_truck,6.73,5.2
40.21,72.3,4,17,Wed,clear,large_truck,9.21,8.95
77.59,30.7,2,10,Wed,rain,van,4.26,7.34
31.77,26.2,1,13,Mon,rain,small_truck,2.33,3.54
53.18,21.6,2,11,Sat,clear,van,3.0,4.48
65.0,20.2,2,13,Wed,rain,small_truck,2.21,5.14
55.31,8.7,2,17,Sun,clear,small_truck,3.47,5.0
46.54,23.9,1,6,Wed,clear,small_truck,4.84,3.99
49.55,53.7,2,11,Fri,rain,van,1.52,4.51
56.75,15.7,3,9,Wed,rain,van,7.16,6.44
31.6,2.2,2,0,Mon,clear,large_truck,3.14,3.75
44.8,34.9,0,20,Fri,rain,small_truck,1.36,4.19
101.67,28.8,2,16,Fri,rain,small_truck,5.21,8.99
53.86,71.5,4,1,Sun,clear,van,1.38,5.21
47.23,14.3,4,1,Sat,clear,van,4.15,4.12
38.51,7.7,2,22,Fri,rain,van,4.34,4.27
31.76,20.8,7,20,Mon,clear,small_truck,5.47,5.5
50.24,18.2,1,17,Sat,clear,van,5.58,4.44
51.69,5.0,3,16,Tue,clear,van,5.34,5.88
43.55,26.4,0,20,Sat,clear,van,3.37,3.61
118.79,17.0,3,14,Fri,clear,van,5.07,7.41
32.97,62.8,2,0,Sat,clear,van,3.83,4.24
29.65,26.8,3,10,Wed,clear,small_truck,5.72,4.48
38.74,12.8,4,7,Thu,rain,small_truck,3.8,4.27
44.13,24.3,2,4,Mon,clear,van,4.6,3.56
31.04,28.4,3,20,Wed,clear,large_truck,4.32,4.33
49.74,37.4,2,15,Sun,rain,large_truck,2.22,4.79
51.97,25.2,2,21,Tue,clear,small_truck,2.04,4.06
59.5,90.7,2,2,Sun,clear,small_truck,2.91,5.64
36.11,8.4,4,23,Mon,clear,small_truck,2.61,4.48
74.9,16.8,5,14,Wed,clear,van,2.67,5.95
57.86,12.8,4,13,Wed,clear,van,4.61,5.1
32.68,18.9,5,4,Sun,rain,van,1.45,4.06
30.98,31.0,2,14,Thu,rain,van,4.74,4.61
39.86,29.4,4,14,Sat,clear,large_truck,3.5,5.07
52.02,36.7,1,16,Sat,clear,large_truck,4.13,4.96
55.12,26.6,2,3,Thu,clear,small_truck,4.35,4.66
57.81,27.9,4,15,Sat,rain,small_truck,2.87,6.01
98.91,27.0,3,2,Sat,clear,large_truck,1.66,6.98
18.31,17.5,7,1,Thu,rain,small_truck,3.94,5.69
19.61,16.4,0,11,Sun,fog,van,2.6,3.85
43.05,12.6,4,2,Thu,clear,large_truck,2.42,4.74
95.42,38.1,1,17,Sat,clear,small_truck,7.05,7.68
60.61,2.8,4,11,Wed,rain,van,3.6,5.78
28.84,27.4,2,5,Wed,clear,van,4.51,3.68
48.71,43.2,3,6,Wed,clear,small_truck,3.46,4.33
41.99,51.2,1,11,Tue,rain,van,3.67,4.1
41.36,1.8,3,14,Sat,clear,large_truck,3.85,4.09
35.82,17.9,2,19,Thu,clear,small_truck,5.64,3.93
47.08,13.3,1,13,Fri,clear,van,1.51,3.31
69.19,16.7,0,13,Tue,clear,van,4.32,4.7
37.19,58.6,1,14,Fri,rain,small_truck,1.19,4.38
57.99,13.3,3,14,Mon,rain,van,2.3,4.47
62.11,43.1,1,8,Fri,rain,small_truck,7.93,8.57
74.65,27.7,2,5,Thu,clear,large_truck,2.81,5.6
30.75,16.1,0,12,Mon,rain,small_truck,1.13,3.1
45.55,14.8,8,2,Wed,rain,van,3.57,6.6
34.06,29.8,1,5,Mon,clear,large_truck,3.19,4.58
47.12,23.3,1,3,Mon,clear,large_truck,5.63,4.54
46.99,4.6,1,11,Sat,clear,large_truck,5.71,4.47
27.45,10.7,2,23,Sun,clear,van,2.39,3.04
48.27,30.4,5,21,Sat,clear,van,5.1,5.63
101.0,8.1,2,2,Mon,clear,small_truck,3.57,6.42
55.21,47.4,2,19,Fri,clear,van,3.7,4.75
24.98,5.9,3,3,Fri,clear,small_truck,1.57,3.27
29.92,19.9,4,21,Wed,clear,small_truck,5.18,4.8
44.59,38.9,5,4,Thu,clear,large_truck,4.03,5.4
30.23,10.0,5,3,Tue,clear,van,5.78,5.51
73.01,7.5,4,18,Sun,rain,small_truck,8.46,9.64
23.64,34.1,0,19,Tue,clear,small_truck,3.33,2.86
55.37,44.0,3,9,Tue,rain,small_truck,8.73,9.29
21.39,21.0,1,13,Sat,rain,van,2.59,2.05
44.3,17.5,2,18,Tue,rain,van,9.06,7.25
28.32,5.7,7,20,Sun,rain,small_truck,1.58,5.02
59.44,25.9,4,10,Fri,clear,small_truck,2.68,4.62
68.01,3.9,2,18,Sun,clear,small_truck,8.26,8.25
51.95,59.2,3,19,Thu,rain,van,1.12,5.2
69.28,21.8,6,19,Sun,clear,van,5.34,8.01
13.46,10.9,3,21,Sat,clear,van,1.2,2.2
48.02,14.7,1,20,Sat,clear,small_truck,4.29,4.45
55.05,27.4,2,10,Tue,clear,small_truck,4.19,5.36
57.94,16.8,4,7,Sat,rain,van,3.44,5.55
18.48,24.1,1,23,Wed,rain,van,5.19,3.79
53.73,9.6,2,10,Sat,clear,van,1.43,3.81
58.45,51.9,2,22,Mon,clear,van,5.26,5.91
47.79,15.0,5,23,Mon,rain,van,5.92,5.69
25.09,2.6,0,0,Sat,clear,large_truck,4.36,2.54
35.7,18.0,3,3,Mon,clear,van,5.65,4.37
73.16,13.1,3,13,Wed,,van,4.13,5.47
69.8,49.6,3,2,Thu,rain,small_truck,5.91,7.22
54.64,11.0,2,15,Tue,clear,large_truck,4.98,5.27
59.96,16.6,2,0,Sat,clear,small_truck,4.4,4.71
66.45,27.9,3,20,Fri,clear,van,5.94,5.55
54.38,36.9,3,10,Fri,rain,van,3.42,5.93
72.31,61.8,0,16,Tue,clear,van,5.77,5.63
71.33,11.8,4,11,Mon,clear,van,5.26,5.82
114.09,57.2,3,16,Mon,clear,small_truck,6.73,8.7
36.34,48.3,0,16,Tue,fog,small_truck,4.09,4.04
36.62,12.9,3,6,Tue,clear,van,2.54,3.35
10.45,11.6,4,19,Fri,clear,small_truck,3.92,3.63
52.74,32.4,2,19,Sat,clear,small_truck,1.08,3.73
93.08,23.6,5,7,Tue,clear,small_truck,5.87,7.08
74.63,32.4,4,1,Fri,rain,van,2.17,6.01
62.96,18.5,3,10,Sun,clear,large_truck,2.18,5.13
76.72,25.5,1,15,Thu,clear,van,5.48,6.22
55.45,21.9,5,18,Tue,clear,van,6.0,6.12
40.06,32.1,3,4,Thu,clear,van,5.49,4.99
102.59,11.3,6,11,Mon,clear,small_truck,3.67,7.79
53.8,27.0,5,18,Sun,rain,large_truck,8.0,9.07
70.7,61.0,3,12,Sun,clear,van,4.65,5.58
13.41,58.6,3,18,Mon,clear,van,5.16,4.24
14.84,29.3,3,16,Tue,clear,large_truck,4.86,3.94
48.64,11.0,1,4,Tue,rain,small_truck,5.46,4.95
30.23,80.9,0,5,Sun,fog,large_truck,4.54,4.92
50.48,32.1,4,19,Sun,,small_truck,1.67,5.26
36.6,75.7,5,16,Wed,clear,small_truck,8.02,7.94
121.1,33.0,1,20,Thu,rain,van,3.44,8.85
68.4,1.5,2,7,Fri,clear,van,4.48,5.76
79.75,80.6,2,1,Sun,clear,small_truck,2.48,5.86
16.38,43.7,3,5,Sat,clear,van,5.3,3.76
62.62,24.8,0,10,Fri,clear,van,3.1,4.51
42.06,4.3,3,2,Thu,clear,small_truck,5.04,4.59
80.38,47.0,3,4,Sat,clear,van,3.01,4.91
58.91,32.8,0,3,Fri,clear,small_truck,1.67,4.86
44.63,96.0,4,3,Fri,clear,van,1.97,4.7
26.3,70.8,2,9,Tue,clear,small_truck,9.09,6.95
48.25,74.3,3,19,Mon,clear,van,1.91,4.52
72.48,28.7,2,9,Thu,clear,small_truck,9.2,8.56
82.29,27.8,3,7,Sun,clear,van,6.12,6.44
38.95,33.1,3,13,Sun,clear,van,5.86,4.91
112.67,14.1,0,15,Thu,clear,van,1.48,5.09
70.17,25.3,3,8,Sun,clear,van,6.55,6.58
30.51,21.6,3,0,Mon,clear,small_truck,1.18,3.75
27.44,56.1,5,7,Sat,rain,van,5.8,4.7
43.18,64.0,4,1,Tue,,small_truck,5.28,6.12
38.91,39.8,3,3,Wed,clear,van,1.94,3.53
55.63,12.2,4,14,Wed,clear,small_truck,5.46,5.42
46.15,84.0,4,4,Tue,clear,small_truck,3.95,5.61
40.32,46.8,6,8,Wed,clear,van,6.79,7.34
21.96,31.4,0,9,Thu,,van,6.4,3.89
59.65,37.2,0,21,Mon,fog,van,5.92,5.47
21.08,6.9,2,3,Tue,clear,van,5.13,3.43
70.26,21.6,3,1,Tue,rain,van,5.56,6.72
17.31,59.4,8,12,Mon,clear,large_truck,1.73,5.09
20.5,6.5,6,14,Sun,rain,van,2.33,4.2
30.45,6.3,2,12,Thu,clear,large_truck,5.2,4.11
37.43,47.0,4,16,Fri,clear,large_truck,8.23,8.12
34.14,35.3,6,20,Fri,rain,van,2.92,5.41
37.36,6.6,1,14,Wed,clear,small_truck,3.32,3.57
50.9,20.1,2,12,Tue,fog,large_truck,3.19,4.94
30.76,31.4,2,16,Mon,clear,van,7.64,6.42
51.1,28.8,4,5,Sat,fog,small_truck,3.45,5.14
13.5,33.3,4,5,Sat,rain,small_truck,3.27,3.72
30.25,18.9,2,8,Fri,clear,small_truck,6.17,4.73
20.02,29.9,2,18,Sat,clear,small_truck,6.49,4.12
69.93,39.7,3,20,Sat,rain,van,1.89,5.94
32.57,37.6,4,13,Mon,clear,van,1.95,3.92
58.11,19.4,7,14,Fri,clear,small_truck,4.44,6.43
18.32,42.4,5,18,Sun,clear,van,9.41,7.09
81.72,11.0,2,5,Sat,clear,small_truck,2.06,5.11
47.28,14.7,4,2,Tue,clear,van,5.56,5.12
98.46,47.0,2,17,Fri,clear,van,6.32,6.97
45.01,41.8,4,3,Tue,clear,large_truck,5.76,5.28
22.08,20.8,2,3,Mon,clear,small_truck,2.98,2.02
28.57,14.4,2,9,Wed,clear,small_truck,7.81,6.94
40.87,16.1,6,18,Wed,clear,large_truck,6.48,7.62
29.07,38.5,1,9,Sun,clear,van,8.41,6.01
67.06,33.5,1,2,Thu,clear,small_truck,1.3,3.97
46.68,13.7,3,3,Sat,clear,van,1.29,4.38
29.23,41.5,2,6,Sun,fog,small_truck,5.32,3.95
62.8,20.1,2,1,Fri,clear,small_truck,1.27,4.85
38.54,11.3,6,7,Thu,rain,large_truck,8.25,10.54
61.61,17.5,3,1,Thu,clear,van,1.47,4.33
35.89,26.8,4,20,Sat,rain,small_truck,1.56,4.79
56.44,40.5,5,1,Wed,rain,van,2.65,5.42
37.96,38.7,9,4,Thu,fog,small_truck,4.63,7.92
67.07,23.2,4,0,Wed,clear,large_truck,3.88,5.78
18.52,29.2,2,6,Tue,rain,small_truck,5.54,3.48
25.33,21.6,2,19,Wed,rain,small_truck,4.15,4.63
42.45,13.7,2,13,Mon,rain,small_truck,3.98,4.24
33.22,23.8,4,22,Sun,clear,van,3.85,4.0
37.45,4.3,1,14,Sun,clear,small_truck,3.03,3.71
59.14,64.9,1,10,Fri,clear,small_truck,4.2,5.64
37.11,28.6,2,23,Sat,fog,small_truck,5.87,4.77
51.87,34.5,4,4,Wed,fog,large_truck,5.86,7.49
30.15,14.2,1,2,Thu,fog,van,1.55,3.29
16.61,28.4,0,7,Sun,clear,van,5.37,2.97
61.45,32.0,2,22,Mon,rain,small_truck,3.96,5.56
89.47,20.8,3,19,Tue,clear,van,4.58,6.35
49.6,21.7,3,12,Sat,clear,small_truck,2.5,3.77
43.45,8.0,1,22,Mon,clear,large_truck,5.91,4.81
47.4,79.0,3,15,Sat,clear,small_truck,3.08,5.09
76.96,14.0,4,5,Wed,clear,small_truck,2.43,5.47
49.85,15.6,2,0,Fri,clear,large_truck,4.9,5.0
62.7,67.6,1,0,Sun,clear,van,3.94,5.01
61.54,35.6,2,20,Fri,clear,van,5.52,5.4
69.44,40.8,1,7,Mon,clear,small_truck,3.86,5.39
43.05,7.5,0,10,Thu,clear,small_truck,1.27,3.01
35.68,28.2,2,9,Mon,clear,large_truck,8.59,6.91
56.7,7.6,5,2,Sun,clear,van,3.23,5.32
67.38,12.3,0,0,Wed,clear,van,2.08,3.67
72.7,86.5,0,17,Sun,clear,van,7.45,6.94
80.93,10.5,3,16,Sun,rain,van,9.78,9.91
64.85,39.4,5,5,Wed,rain,small_truck,5.99,7.6
245.5502450245327,11.4,6,2,Wed,clear,small_truck,5.82,6.77
49.58,12.6,2,12,Sun,rain,van,1.78,4.19
47.73,121.3,3,1,Fri,clear,van,5.25,6.25
45.54,23.2,2,6,Thu,rain,van,1.62,4.35
56.75,7.0,1,17,Sun,clear,van,5.87,4.88
41.36,40.6,2,4,Tue,clear,small_truck,1.89,4.14
41.38,56.6,1,18,Fri,rain,large_truck,5.04,5.03
91.78,43.2,1,21,Wed,clear,small_truck,2.24,6.45
44.01,21.7,0,4,Mon,fog,van,5.48,4.87
69.23,22.3,3,15,Wed,rain,van,5.94,6.31
70.9,16.4,3,18,Tue,clear,small_truck,4.74,5.6
50.15,9.3,2,12,Sun,fog,small_truck,1.65,5.13
42.08,31.6,1,7,Tue,clear,van,3.87,3.53
30.7,20.9,2,23,Sun,clear,van,3.83,4.32
20.93,7.7,1,7,Sat,clear,small_truck,8.5,6.42
58.45,23.7,2,5,Wed,,small_truck,4.73,5.11
53.55,14.1,4,2,Sat,clear,van,3.11,5.0
62.04,30.4,1,21,Mon,clear,small_truck,5.8,4.99
36.68,28.3,2,5,Tue,clear,small_truck,3.69,3.65
95.73,18.7,2,3,Sat,clear,van,4.92,6.26
55.53,24.5,2,0,Wed,clear,large_truck,3.5,4.56
43.3,26.1,2,6,Tue,clear,van,4.33,4.54
16.09,47.0,3,16,Mon,clear,van,5.42,4.05
38.47,23.9,5,16,Sat,clear,small_truck,3.69,4.9
63.28,16.7,3,20,Thu,clear,van,4.06,5.12
80.04,20.2,4,16,Thu,clear,small_truck,4.85,6.24
46.22,75.1,2,1,Wed,rain,large_truck,3.75,5.25
85.51,11.7,3,20,Mon,rain,van,4.26,7.21
29.66,21.2,2,6,Sun,clear,van,3.26,3.24
54.23,21.0,7,22,Tue,clear,van,1.79,6.5
54.87,21.7,8,8,Wed,clear,van,8.04,10.57
58.64,9.1,1,0,Sat,clear,small_truck,1.86,4.07
48.91,20.1,2,9,Mon,rain,van,4.92,5.13
52.99,16.0,1,10,Fri,clear,van,2.59,4.36
29.34,30.3,2,19,Thu,clear,small_truck,1.29,3.6
76.81,51.6,3,13,Sat,clear,small_truck,2.77,5.96
66.38,32.0,5,1,Sun,rain,large_truck,4.79,7.07
52.12,26.8,3,1,Mon,clear,van,4.95,4.67
67.03,34.3,4,14,Wed,clear,small_truck,3.28,5.55
77.84,28.7,4,2,Wed,rain,van,1.92,7.12
58.29,24.4,3,12,Sat,rain,large_truck,5.87,6.03
100.12,45.8,3,21,Thu,clear,large_truck,5.12,7.32
60.31,19.7,8,20,Wed,clear,small_truck,1.03,5.81
31.4,8.9,2,15,Tue,clear,small_truck,4.04,3.37
51.02,15.6,5,7,Thu,fog,small_truck,8.11,8.56
68.12,14.0,2,12,Fri,clear,small_truck,5.65,5.18
77.87,88.5,3,2,Thu,fog,van,3.0,7.64
49.34,53.6,6,17,Fri,clear,small_truck,6.7,7.83
30.3,27.1,4,3,Sun,clear,large_truck,4.08,4.65
41.69,14.3,3,1,Sun,clear,small_truck,4.65,4.15
24.42,45.5,2,15,Thu,rain,van,5.71,3.64
62.9,26.3,1,13,Sun,clear,small_truck,3.33,3.88
38.27,19.7,0,13,Wed,clear,small_truck,1.31,2.55
33.59,26.5,3,11,Mon,clear,van,4.61,3.78
65.46,20.1,3,14,Sat,,van,5.73,5.57
84.79,34.0,2,10,Sat,clear,van,5.35,6.39
33.53,8.2,6,3,Mon,clear,small_truck,1.12,4.62
49.48,33.8,4,13,Wed,fog,van,5.41,6.9
42.44,20.1,2,1,Tue,clear,van,1.74,4.48
79.38,46.2,4,1,Thu,rain,large_truck,5.89,7.89
44.53,54.5,0,13,Wed,clear,van,4.71,3.43
29.03,62.4,1,16,Sat,clear,van,3.94,3.48
45.43,92.8,2,1,Thu,clear,van,1.5,4.26
72.43,61.0,5,9,Sun,clear,small_truck,5.36,7.25
41.38,45.2,3,22,Sat,clear,large_truck,2.15,3.88
35.08,9.3,2,18,Wed,clear,small_truck,3.62,3.07
43.68,2.2,0,19,Thu,clear,large_truck,5.45,4.3
29.44,49.4,2,15,Fri,rain,van,1.63,3.35
42.42,12.3,3,4,Thu,clear,van,5.95,4.6
36.24,135.1,4,9,Sun,fog,large_truck,4.42,6.2
107.87,6.2,2,14,Mon,rain,van,3.87,8.49
17.95,43.9,7,15,Sun,clear,van,4.49,5.56
31.34,28.6,3,3,Sun,clear,van,2.51,2.62
35.07,6.9,1,23,Wed,fog,large_truck,3.28,4.2
29.53,28.5,5,22,Wed,clear,van,4.86,4.9
54.45,13.6,5,0,Mon,clear,large_truck,1.32,5.07
33.27,23.3,7,14,Mon,clear,small_truck,2.81,6.38
23.2,23.5,2,3,Tue,clear,van,4.95,3.42
47.63,13.8,0,7,Sat,rain,van,6.11,4.7
40.36,18.7,3,21,Sat,clear,van,1.3,4.11
33.96,12.7,2,16,Sun,clear,van,4.64,3.85
78.55,4.5,5,8,Wed,rain,van,8.26,10.34
55.22,26.8,1,0,Wed,rain,small_truck,5.84,5.89
52.66,60.8,6,20,Sat,fog,small_truck,2.14,7.27
55.73,13.4,5,6,Thu,clear,van,3.59,5.13
54.54,81.4,5,14,Mon,clear,large_truck,2.2,5.67
41.24,92.6,4,5,Sat,clear,van,5.62,5.72
33.42,17.5,4,18,Mon,clear,large_truck,7.84,6.93
48.08,20.9,1,8,Mon,clear,small_truck,5.57,4.92
40.92,17.8,2,17,Sun,rain,small_truck,3.6,5.15
17.82,9.4,5,2,Sun,rain,small_truck,4.04,3.29
28.38,21.0,4,14,Fri,clear,van,4.14,4.5
38.72,19.2,3,23,Wed,clear,small_truck,4.09,4.42
66.04,26.4,3,11,Tue,fog,small_truck,2.48,6.66
48.16,27.5,2,11,Thu,clear,small_truck,1.12,3.67
30.82,8.8,4,16,Thu,clear,large_truck,3.45,4.1
27.28,38.0,3,20,Mon,clear,van,4.89,4.64
71.88,20.8,6,19,Fri,clear,large_truck,3.66,7.24
42.06,10.4,2,1,Mon,clear,large_truck,2.36,4.25
9.76,20.4,4,7,Thu,rain,large_truck,9.38,6.89
43.21,28.3,1,20,Mon,clear,small_truck,5.42,4.41
60.16,68.4,5,23,Mon,clear,small_truck,5.08,6.67
26.9,61.3,1,15,Wed,clear,small_truck,4.11,3.96
46.63,16.3,3,0,Fri,clear,van,4.07,4.79
48.49,21.9,4,16,Sun,clear,large_truck,6.91,6.0
27.64,12.4,2,22,Mon,,van,1.92,2.93
74.6,31.7,2,19,Thu,clear,large_truck,4.64,6.38
48.84,17.1,4,17,Sat,clear,van,5.88,5.95
38.63,21.3,5,12,Wed,fog,van,3.73,4.91
42.18,50.6,2,21,Sat,clear,small_truck,4.44,5.11
25.27,8.8,2,15,Thu,rain,small_truck,2.86,3.05
24.78,61.4,4,12,Mon,rain,van,4.52,4.71
37.09,34.0,4,21,Tue,clear,small_truck,2.24,4.29
38.09,59.4,1,0,Wed,clear,van,5.33,4.22
41.0,42.1,6,3,Fri,clear,small_truck,5.93,6.72
77.35,47.5,3,20,Tue,rain,van,3.96,5.94
58.82,25.5,2,1,Thu,clear,van,2.91,4.8
19.22,10.2,9,21,Sat,clear,van,2.44,4.93
71.21,15.4,5,23,Wed,clear,van,5.46,6.34
36.96,13.0,4,6,Tue,clear,small_truck,2.63,3.82
61.16,3.4,1,21,Fri,clear,van,5.07,4.99
38.24,50.5,2,13,Fri,rain,small_truck,3.04,4.53
47.54,23.4,4,12,Wed,clear,small_truck,5.4,4.91
26.14,12.1,5,22,Sat,clear,van,3.16,3.78
51.94,90.2,5,18,Sat,rain,large_truck,7.47,7.5
64.05,116.2,3,21,Mon,rain,small_truck,1.61,6.3
20.99,7.8,0,21,Fri,clear,van,5.88,3.4
64.46,21.0,1,17,Fri,rain,small_truck,7.65,8.07
33.36,19.9,2,11,Tue,rain,van,4.1,4.19
87.57,11.3,1,4,Tue,clear,van,1.63,5.47
61.63,49.7,4,2,Tue,clear,van,4.45,5.42
57.23,3.4,0,6,Wed,clear,van,3.13,3.64
42.29,75.3,2,11,Tue,clear,van,3.12,3.67
116.3,26.3,2,3,Fri,clear,van,3.37,6.77
37.06,85.3,4,8,Sun,rain,small_truck,6.69,6.11
28.68,24.7,4,19,Thu,rain,small_truck,5.02,5.01
33.87,19.9,2,0,Sat,clear,van,2.71,3.6
68.81,52.4,0,7,Thu,rain,van,8.17,8.9
47.16,85.0,4,23,Sun,fog,van,1.55,5.42
44.27,76.0,3,7,Wed,clear,van,7.62,7.73
37.3,5.3,3,17,Sat,rain,small_truck,7.04,5.72
43.3,63.2,3,14,Sat,rain,small_truck,5.85,6.79
36.19,19.1,3,18,Sun,clear,van,6.4,4.98
59.46,22.7,2,17,Wed,fog,small_truck,7.23,6.99
40.6,18.8,3,14,Wed,fog,van,4.93,5.25
34.15,15.4,2,23,Mon,clear,van,5.16,4.2
66.42,21.2,2,6,Fri,clear,small_truck,5.58,6.2
29.09,11.0,2,6,Thu,clear,small_truck,2.73,3.11
47.44,63.4,4,14,Wed,clear,small_truck,5.21,5.42
17.76,41.7,1,17,Tue,clear,small_truck,8.88,7.32
23.85,30.0,0,16,Sun,clear,van,5.82,3.0
38.74,18.8,3,22,Sun,clear,large_truck,4.46,4.97
35.91,16.2,3,14,Sun,clear,large_truck,2.61,4.18
35.88,34.9,2,18,Thu,clear,van,6.23,4.76
61.87,30.8,3,3,Sat,clear,large_truck,2.39,4.65
63.36,55.0,5,0,Sat,fog,van,1.26,7.49
51.27,16.4,4,19,Sat,clear,large_truck,3.89,5.25
28.39,15.2,1,10,Wed,clear,large_truck,5.31,3.72
43.16,40.5,4,7,Sun,clear,van,5.93,4.86
92.75,46.7,2,18,Fri,clear,van,4.7,5.73
111.34,110.5,3,9,Mon,clear,small_truck,4.79,8.63
66.69,5.0,0,0,Tue,clear,van,4.86,4.29
28.89,65.8,2,13,Thu,clear,small_truck,3.24,3.83
43.32,28.2,1,3,Sun,,van,4.84,3.93
49.87,17.2,3,23,Sat,rain,small_truck,2.09,4.92
46.78,35.3,3,7,Fri,clear,van,8.17,7.64
69.57,34.4,3,7,Fri,rain,small_truck,7.33,7.71
60.75,17.6,2,20,Sun,clear,small_truck,5.05,5.54
28.2,5.4,5,1,Thu,clear,small_truck,4.42,4.06
34.51,65.9,7,16,Wed,clear,small_truck,8.66,10.07
66.58,14.1,5,23,Wed,clear,small_truck,1.63,5.19
78.41,12.3,2,0,Thu,rain,small_truck,3.75,6.41
50.13,15.2,2,22,Tue,clear,van,3.25,4.18
82.44,45.1,5,14,Sun,clear,van,6.0,6.55
47.78,19.4,5,4,Sun,rain,small_truck,3.75,5.51
30.41,15.5,3,20,Wed,clear,van,4.43,3.5
58.49,33.6,4,19,Sat,clear,small_truck,5.6,5.98
132.13,30.3,4,23,Sat,clear,van,1.71,8.07
25.36,15.8,3,22,Fri,rain,van,2.7,2.48
81.14,5.3,3,14,Mon,rain,small_truck,2.62,6.82
57.13,44.4,3,0,Mon,clear,small_truck,1.58,4.31
33.62,30.7,2,17,Sat,clear,van,6.33,4.93
17.97,3.6,2,18,Mon,rain,small_truck,4.65,3.75
14.63,72.3,4,18,Sat,clear,large_truck,5.71,4.73
35.85,3.5,4,4,Thu,clear,van,1.11,3.63
53.31,13.1,4,17,Sat,clear,large_truck,4.99,5.28
64.57,13.9,2,19,Mon,clear,small_truck,2.95,4.09
70.71,16.0,1,1,Wed,rain,van,4.05,6.0
51.36,15.5,3,0,Tue,clear,small_truck,2.06,4.03
48.08,8.4,1,2,Thu,clear,small_truck,5.55,5.24
39.29,28.6,5,16,Mon,clear,small_truck,4.77,5.48
53.85,49.6,5,7,Tue,clear,van,5.68,5.74
33.84,28.3,6,19,Wed,rain,van,2.52,5.69
25.97,31.9,2,22,Thu,clear,van,1.79,3.24
46.85,19.7,1,0,Mon,clear,small_truck,6.0,5.42
62.54,27.5,3,17,Wed,rain,small_truck,8.16,8.54
23.48,33.7,3,18,Sat,clear,large_truck,5.77,4.48
35.85,41.7,2,1,Wed,rain,van,5.87,5.06
46.12,14.5,5,2,Fri,rain,small_truck,4.17,5.49
45.72,13.0,0,19,Sun,clear,small_truck,4.85,3.46
56.5,2.3,1,1,Thu,clear,small_truck,2.72,4.47
91.63,86.5,0,4,Sun,clear,large_truck,2.08,6.81
14.7,82.9,3,22,Sun,clear,small_truck,3.25,3.84
93.37,24.0,4,17,Thu,clear,van,5.66,6.63
89.91,25.1,1,22,Thu,clear,small_truck,5.92,6.43
65.02,68.9,4,6,Wed,clear,large_truck,1.73,5.37
49.74,8.7,3,17,Sun,clear,van,4.68,4.58
34.13,11.9,2,14,Sat,clear,small_truck,4.11,3.9
64.69,71.8,1,21,Tue,clear,small_truck,3.81,5.6
50.81,19.6,7,5,Fri,clear,small_truck,3.73,7.03
39.65,10.4,6,0,Tue,rain,large_truck,3.06,6.3
63.99,35.1,4,9,Sun,rain,small_truck,6.1,6.52
68.57,14.6,1,12,Wed,clear,van,1.44,4.56
10.62,63.7,1,13,Mon,fog,van,4.96,3.32
78.15,27.3,2,20,Sun,clear,van,3.23,5.31
32.49,15.1,4,16,Fri,rain,large_truck,7.75,7.44
73.95,15.8,3,21,Sun,clear,van,3.48,5.44
39.97,33.9,3,17,Sun,clear,small_truck,8.41,7.86
49.8,21.5,0,8,Thu,clear,small_truck,8.65,7.17
53.86,19.3,2,19,Thu,rain,van,3.8,4.46
486.5499633501608,42.9,5,7,Sat,clear,van,8.14,8.5
61.28,69.6,4,19,Wed,clear,small_truck,1.52,5.61
39.37,38.8,11,16,Tue,rain,van,4.54,7.85
15.68,13.6,7,5,Thu,clear,van,4.5,5.6
56.22,9.9,6,1,Fri,clear,van,1.25,5.54
48.94,41.1,4,21,Sat,clear,van,4.56,5.29
174.07371655259684,38.7,4,18,Tue,clear,van,5.45,4.69
51.38,18.3,3,1,Thu,clear,van,2.17,3.58
45.87,21.8,4,5,Fri,clear,van,2.8,3.74
77.83,14.3,6,11,Sun,clear,van,5.62,8.02
96.07,10.1,0,12,Tue,rain,small_truck,4.55,8.11
67.87,15.3,2,9,Fri,rain,van,8.29,9.03
44.75,1.6,3,4,Fri,clear,van,4.92,5.22
47.64,55.9,4,16,Sun,clear,small_truck,8.62,8.24
31.98,7.4,4,17,Thu,rain,small_truck,4.64,4.48
34.68,24.4,3,15,Tue,rain,large_truck,5.71,4.67
43.65,2.8,4,22,Thu,fog,small_truck,2.99,5.27
41.71,37.8,5,9,Sat,clear,van,6.39,4.92
24.54,46.1,3,12,Tue,fog,small_truck,5.05,4.35
78.17,26.1,5,7,Sat,clear,large_truck,8.23,9.72
82.74,23.3,5,22,Thu,clear,van,3.53,6.03
77.12,14.3,0,10,Sat,clear,van,3.72,4.83
83.92,54.9,3,9,Wed,clear,van,6.97,7.2
107.79,5.9,0,17,Sat,,large_truck,4.57,6.11
32.25,17.3,5,6,Tue,clear,van,4.24,3.6
105.79,12.9,6,8,Thu,clear,large_truck,7.6,12.65
39.26,12.5,7,20,Thu,clear,small_truck,3.36,5.75
59.73,53.9,3,0,Tue,rain,small_truck,1.24,5.53
21.78,22.3,5,0,Mon,rain,van,3.83,4.1
37.08,14.2,2,20,Sun,clear,van,1.52,3.22
68.67,31.4,2,6,Wed,clear,van,3.27,5.11
60.93,29.5,4,18,Sun,clear,small_truck,7.23,6.56
38.93,45.5,2,16,Wed,clear,small_truck,4.2,4.25
47.63,33.9,6,4,Fri,clear,small_truck,5.59,6.45
35.37,23.1,2,4,Thu,,van,4.54,5.26
68.59,24.3,4,23,Wed,fog,small_truck,2.29,6.95
80.35,32.8,3,21,Thu,clear,van,2.15,6.1
32.31,11.2,6,6,Tue,clear,small_truck,1.37,5.32
45.59,29.1,2,11,Mon,clear,van,5.37,4.57
24.07,68.5,1,20,Fri,rain,large_truck,1.32,3.51
50.73,26.2,3,5,Tue,clear,small_truck,4.13,4.89
57.12,18.6,1,15,Thu,rain,small_truck,4.76,5.11
52.48,18.5,3,8,Thu,clear,van,5.95,5.64
55.25,31.9,5,21,Sun,clear,small_truck,2.9,4.94
43.53,27.9,0,6,Sat,rain,van,2.47,3.33
43.98,39.1,3,10,Tue,clear,van,5.01,4.33
43.1,15.0,3,16,Mon,rain,van,9.01,7.75
36.59,21.3,5,16,Sun,clear,van,8.77,7.59
38.59,43.7,5,2,Mon,rain,van,1.35,4.31
56.04,46.1,0,2,Sat,rain,large_truck,4.39,5.36
78.21,46.4,4,20,Sat,clear,large_truck,3.92,6.1
29.77,40.5,2,18,Sun,clear,van,9.46,7.44
43.91,41.5,2,3,Wed,clear,van,3.89,3.87
26.93,29.0,8,15,Wed,clear,van,3.29,5.08
36.88,7.1,1,6,Tue,clear,large_truck,3.24,3.39
39.58,7.8,1,9,Tue,clear,small_truck,7.27,4.71
49.23,25.8,2,15,Tue,rain,small_truck,4.36,5.42
48.66,26.6,4,15,Tue,clear,small_truck,1.37,4.36
45.41,12.2,5,8,Sun,clear,small_truck,8.9,7.61
54.14,12.9,3,19,Thu,rain,van,4.39,5.48
31.07,22.9,3,12,Thu,rain,van,1.78,3.82
49.41,95.0,3,19,Fri,clear,small_truck,3.35,5.08
61.65,10.4,6,13,Tue,clear,van,2.25,6.09
30.89,17.9,3,8,Sun,,van,6.02,5.02
19.77,45.4,2,6,Wed,rain,small_truck,3.78,3.33
68.36,39.9,5,0,Thu,clear,small_truck,5.85,7.16
27.33,30.7,1,12,Tue,clear,van,1.28,3.28
36.09,4.3,4,13,Wed,clear,small_truck,3.25,4.15
60.92,20.4,3,22,Tue,clear,van,1.91,4.06
30.19,78.5,4,6,Thu,clear,van,1.11,4.49
66.41,12.6,5,0,Sun,clear,van,4.89,6.31
33.81,12.1,3,21,Mon,clear,small_truck,4.79,4.48
31.98,66.5,2,14,Thu,clear,van,5.67,4.58
26.99,22.9,6,1,Wed,rain,small_truck,3.94,6.07
33.95,4.6,4,7,Fri,clear,van,5.45,4.16
57.55,9.2,1,23,Sat,clear,van,2.81,4.39
36.1,15.3,3,20,Sun,clear,van,4.02,3.88
68.48,29.6,2,13,Tue,fog,small_truck,4.14,5.92
46.19,21.0,4,2,Tue,clear,large_truck,1.21,4.0
47.89,11.7,4,15,Thu,,van,5.55,5.33
31.55,21.2,4,1,Mon,rain,small_truck,5.63,5.15
72.64,12.6,2,9,Thu,clear,van,8.24,8.22
61.86,81.5,3,9,Tue,clear,van,5.56,6.02
61.14,8.7,2,18,Wed,rain,van,6.48,6.09
42.48,16.9,4,16,Fri,clear,van,6.63,5.64
25.47,15.0,4,11,Tue,fog,large_truck,2.53,5.18
48.96,15.2,5,0,Wed,rain,small_truck,2.94,5.13
56.55,9.7,4,0,Fri,fog,large_truck,4.34,6.86
56.78,63.1,2,19,Thu,clear,small_truck,1.17,4.88
53.66,99.8,3,15,Sat,clear,small_truck,1.69,5.21
52.74,32.3,1,8,Mon,fog,van,4.65,4.94
33.74,30.3,3,18,Wed,rain,van,5.97,5.52
34.46,5.6,2,22,Mon,clear,van,3.41,3.55
27.11,62.1,1,0,Mon,clear,van,5.22,3.73
68.81,12.5,4,21,Wed,clear,van,1.89,4.65
94.22,5.0,3,5,Tue,fog,van,2.78,8.87
131.05,36.6,3,18,Tue,clear,small_truck,3.43,7.64
365.2826761298808,51.2,0,14,Sun,clear,van,3.32,3.83
52.8,61.6,2,17,Sat,fog,small_truck,4.05,5.75
43.2,17.1,3,2,Thu,clear,van,2.61,3.98
50.04,15.5,2,14,Sun,clear,van,5.15,4.89
30.13,28.5,0,23,Mon,clear,van,5.68,3.51
42.83,21.0,3,19,Sun,clear,small_truck,2.84,4.1
32.1,37.2,2,19,Sun,clear,large_truck,2.42,3.84
40.5,28.8,4,4,Thu,clear,small_truck,4.79,4.64
33.29,11.7,4,6,Fri,clear,large_truck,4.49,4.35
56.56,63.0,1,19,Wed,fog,van,2.89,5.36
59.48,37.3,0,9,Sun,clear,small_truck,8.88,7.72
52.13,50.4,1,13,Thu,clear,small_truck,3.27,5.13
34.53,11.8,3,4,Tue,clear,large_truck,5.68,4.27
26.26,36.6,4,18,Mon,clear,van,8.65,7.27
59.75,43.9,3,10,Fri,clear,small_truck,5.74,5.83
46.09,27.9,2,11,Sun,fog,small_truck,1.54,4.64
19.38,9.6,2,22,Fri,clear,van,2.34,2.45
48.79,26.0,2,15,Fri,clear,van,2.86,4.56
52.96,41.1,8,10,Sat,clear,van,4.72,6.21
22.37,52.8,3,8,Wed,clear,large_truck,6.4,4.49
56.96,6.2,5,14,Wed,clear,large_truck,2.04,5.51
23.95,27.5,2,10,Sat,clear,small_truck,2.72,3.71
32.91,7.6,1,5,Fri,rain,van,2.55,3.98
24.03,41.4,4,8,Tue,rain,van,7.54,6.99
31.41,49.2,4,6,Mon,clear,van,5.95,5.21
26.36,10.9,5,17,Sat,clear,small_truck,6.44,4.28
68.63,9.2,4,12,Sun,rain,van,1.26,5.44
41.51,14.9,1,4,Wed,clear,small_truck,4.61,4.27
37.83,21.6,4,3,Sat,clear,van,3.4,4.02
71.3,13.3,5,22,Sun,clear,van,3.17,5.6
69.79,44.0,1,21,Fri,clear,van,2.76,5.36
39.11,52.9,5,19,Sun,clear,van,3.35,5.38
51.71,26.7,2,17,Sun,rain,large_truck,4.35,5.5
35.67,13.7,0,20,Wed,clear,small_truck,4.06,3.4
44.17,21.0,5,15,Sun,rain,small_truck,5.65,6.23
28.48,26.7,2,21,Thu,clear,van,5.6,3.89
54.81,20.3,3,22,Wed,clear,small_truck,4.69,5.57
72.46,23.1,2,10,Tue,rain,van,2.95,5.46
67.21,50.1,4,5,Fri,clear,van,5.61,6.64
46.98,12.9,4,21,Sat,clear,small_truck,4.3,4.89
18.5,86.0,6,19,Tue,clear,van,3.52,5.14
34.97,27.3,4,10,Thu,rain,small_truck,2.42,4.52
44.15,19.4,2,21,Sun,clear,small_truck,4.78,4.34
24.83,12.7,5,2,Sun,clear,small_truck,4.99,4.86
22.91,13.6,5,19,Thu,rain,van,3.79,3.68
80.59,24.8,1,1,Sun,fog,van,2.43,6.55
64.0,27.1,3,2,Sat,rain,small_truck,2.95,5.39
56.54,18.9,5,1,Tue,clear,van,4.12,5.85
60.97,7.6,5,1,Thu,clear,small_truck,2.11,5.35
26.75,24.8,4,4,Mon,clear,small_truck,3.35,3.92
30.96,13.8,1,8,Mon,clear,van,3.64,3.21
50.43,4.6,4,8,Fri,clear,van,8.08,8.24
52.06,38.2,2,10,Mon,clear,van,2.91,4.67
24.18,5.4,6,23,Wed,clear,van,3.23,4.42
48.97,18.3,7,12,Tue,clear,large_truck,5.43,7.52
44.49,22.6,6,5,Tue,rain,small_truck,2.98,5.96
66.33,57.8,3,3,Tue,clear,small_truck,3.38,5.69
52.16,4.9,4,21,Thu,clear,van,2.48,3.55
84.41,41.1,4,6,Sat,clear,van,5.04,7.07
39.21,45.6,4,19,Thu,rain,van,3.18,4.53
27.55,69.7,1,18,Sat,clear,large_truck,5.93,4.55
83.48,51.7,0,20,Thu,rain,small_truck,3.46,5.74
53.28,23.2,7,3,Fri,rain,van,4.38,7.19
44.6,42.4,3,18,Wed,clear,large_truck,7.58,7.61
31.46,59.7,5,18,Wed,clear,van,7.08,5.31
39.4,3.6,4,23,Tue,clear,small_truck,4.27,4.5
38.52,7.5,2,16,Thu,clear,large_truck,7.57,6.6
27.01,29.2,3,2,Tue,clear,small_truck,4.55,4.58
15.85,45.3,0,10,Fri,clear,large_truck,3.35,2.69
38.14,37.2,5,11,Sat,clear,small_truck,5.9,5.75
61.6,31.1,5,11,Sun,clear,van,3.88,5.04
74.99,69.1,3,8,Thu,clear,small_truck,8.56,9.3
67.39,18.9,2,19,Sun,fog,small_truck,3.33,6.36
69.0,13.4,5,6,Thu,clear,van,2.69,5.59
28.43,16.1,3,10,Fri,clear,large_truck,3.62,3.91
50.82,29.7,5,10,Sun,clear,small_truck,3.89,6.03
56.72,22.5,3,15,Thu,clear,van,2.54,4.4
58.2,47.1,3,11,Sun,clear,van,4.77,5.62
44.18,14.0,4,23,Fri,clear,van,3.14,4.2
48.28,32.5,1,23,Mon,fog,van,4.3,4.77
97.02,42.5,2,11,Thu,clear,small_truck,2.44,5.78
66.58,59.7,7,6,Sat,clear,small_truck,3.42,7.04
55.89,8.9,3,18,Fri,clear,van,6.53,5.78
60.11,15.8,4,21,Tue,clear,small_truck,3.09,5.65
37.39,21.3,1,21,Wed,fog,van,4.38,4.63
58.82,6.6,1,4,Sat,clear,large_truck,1.78,4.09
48.02,31.0,2,1,Sat,clear,large_truck,2.23,4.09
63.84,30.6,5,15,Tue,clear,van,2.8,5.49
33.73,28.7,2,7,Thu,clear,van,5.4,3.79
61.73,20.3,1,7,Tue,clear,large_truck,4.9,5.55
39.63,55.3,3,0,Wed,clear,van,5.08,5.01
61.84,16.2,5,23,Sun,clear,small_truck,1.81,4.73
50.96,51.9,3,0,Mon,clear,van,4.21,5.62
46.57,15.9,3,15,Thu,clear,van,3.26,3.75
40.54,8.6,4,22,Thu,clear,small_truck,1.82,3.99
44.68,23.3,3,1,Wed,clear,van,2.48,4.39
38.18,26.7,2,14,Sun,clear,small_truck,1.55,3.87
40.18,32.9,3,22,Sun,clear,large_truck,1.48,3.87
55.28,2.4,4,9,Mon,clear,small_truck,4.8,5.11
20.86,18.6,4,7,Wed,clear,van,8.53,6.34
61.5,82.0,4,16,Tue,clear,small_truck,5.04,6.48
61.92,14.9,1,22,Mon,clear,small_truck,3.84,4.99
41.05,45.7,1,13,Thu,clear,van,1.64,2.76
48.8,137.2,1,0,Wed,clear,van,5.41,5.87
30.02,91.9,5,16,Wed,rain,van,6.54,5.94
53.82,9.9,3,5,Fri,clear,van,1.95,4.14
31.66,43.1,2,23,Sun,rain,small_truck,2.77,3.57
10.88,45.0,3,6,Fri,clear,large_truck,5.85,3.96
73.81,38.4,5,15,Fri,rain,small_truck,4.15,7.86
28.56,8.5,6,16,Thu,clear,small_truck,4.93,5.47
44.28,28.6,3,10,Wed,fog,small_truck,1.81,4.87
49.56,28.4,1,19,Thu,rain,van,4.81,4.48
55.23,7.4,2,21,Tue,clear,van,5.23,5.83
45.91,19.4,2,15,Thu,rain,small_truck,1.41,4.37
51.35,29.5,2,18,Wed,clear,van,5.44,4.93
40.65,22.8,2,1,Wed,rain,large_truck,1.24,4.5
22.62,40.4,3,5,Sun,clear,small_truck,1.62,3.46
45.18,19.0,2,10,Mon,clear,van,1.69,3.58
58.31,26.4,2,3,Sat,clear,van,3.19,4.51
29.33,47.8,2,11,Tue,rain,van,1.06,2.84
49.77,75.6,4,1,Wed,fog,van,4.57,6.29
91.34,8.3,5,8,Sat,clear,small_truck,5.55,7.07
43.95,39.3,2,1,Sun,clear,large_truck,3.01,4.55
44.89,16.7,0,10,Sat,clear,van,5.81,4.07
21.77,33.2,1,9,Sat,clear,small_truck,6.16,4.19
27.81,7.7,1,11,Wed,fog,small_truck,1.21,3.22
31.81,56.1,7,23,Wed,clear,van,3.02,5.38
57.38,12.6,6,13,Wed,clear,van,3.34,6.75
30.21,48.4,5,3,Sat,clear,van,3.35,4.24
18.35,8.7,6,15,Fri,fog,small_truck,3.32,5.24
53.36,6.2,10,23,Mon,clear,small_truck,2.67,6.28
33.06,20.7,1,5,Mon,fog,small_truck,3.73,4.43
22.16,28.8,5,1,Mon,clear,small_truck,5.35,3.99
60.24,97.4,2,21,Thu,clear,small_truck,2.79,6.18
38.7,28.3,8,4,Sun,clear,van,3.68,6.41
55.39,9.9,0,19,Thu,rain,van,5.24,4.73
21.81,43.1,3,10,Tue,clear,small_truck,2.99,3.83
15.06,62.5,4,18,Thu,clear,van,5.13,3.71
47.84,12.0,6,17,Fri,clear,large_truck,6.95,7.29
27.37,47.1,3,19,Mon,clear,van,3.52,4.15
47.56,57.3,0,18,Fri,rain,van,7.64,7.34
47.98,43.8,2,12,Sun,rain,small_truck,5.26,5.45
45.49,14.3,5,5,Sun,,small_truck,4.84,5.39
68.77,29.0,4,22,Tue,clear,small_truck,2.91,5.98
122.83,33.1,1,4,Sun,clear,van,2.38,7.1
52.98,55.0,4,8,Mon,clear,van,5.97,5.19
91.3,15.1,4,6,Thu,rain,small_truck,2.6,8.23
21.12,48.0,1,10,Wed,clear,small_truck,5.9,3.96
39.15,22.2,3,5,Fri,fog,van,1.42,3.79
25.07,18.6,2,19,Sat,clear,van,3.53,2.81
34.03,25.7,6,10,Fri,clear,small_truck,2.92,5.99
40.14,1.9,3,20,Sat,clear,small_truck,4.86,4.14
94.53,2.9,2,0,Sun,clear,van,3.98,5.8
46.56,4.0,2,10,Thu,fog,large_truck,1.3,4.33
69.83,34.2,3,14,Fri,rain,van,4.37,6.42
37.77,20.3,4,20,Thu,clear,van,3.46,4.33
35.84,14.3,6,17,Tue,fog,van,7.01,7.99
21.4,24.0,1,15,Thu,clear,van,1.46,2.28
93.25,48.7,3,20,Thu,clear,small_truck,3.55,6.86
79.26,23.2,1,9,Mon,rain,van,5.73,5.76
49.98,9.6,2,22,Wed,clear,van,1.73,3.19
41.13,107.8,2,21,Tue,clear,van,4.07,5.44
47.3,24.9,2,21,Fri,rain,van,5.54,5.62
24.62,57.6,1,12,Wed,clear,van,1.13,3.09
55.35,44.1,2,2,Mon,clear,van,2.26,4.87
76.54,17.6,1,20,Thu,rain,van,2.65,5.09
78.14,74.9,5,9,Thu,clear,small_truck,7.49,8.82
21.81,15.3,2,19,Fri,rain,van,4.7,3.16
69.56,33.8,2,1,Sat,rain,van,4.3,6.11
24.69,30.6,4,2,Sun,clear,small_truck,3.31,5.01
15.6,32.7,7,8,Fri,clear,van,7.96,8.69
70.64,66.6,5,20,Thu,rain,van,2.71,7.19
36.48,25.4,5,0,Tue,clear,van,4.92,5.27
66.55,29.2,0,3,Fri,clear,van,5.13,4.73
64.11,30.3,5,11,Wed,clear,van,1.5,5.97
60.77,94.7,2,19,Sun,clear,van,1.22,4.59
47.06,54.7,2,3,Fri,clear,van,5.93,5.16
25.94,5.9,2,18,Tue,rain,van,4.96,4.02
40.17,15.8,1,11,Sun,clear,van,4.34,3.74
78.68,26.8,4,17,Thu,clear,large_truck,3.74,7.58
67.25,65.7,3,17,Fri,fog,small_truck,8.47,9.56
41.07,70.0,1,22,Sat,clear,small_truck,2.76,4.78
40.85,24.3,3,1,Fri,clear,van,3.91,3.35
58.55,15.4,2,14,Thu,fog,small_truck,1.24,4.09
48.48,21.7,3,10,Sat,clear,small_truck,1.54,4.17
41.97,27.6,5,8,Sun,clear,van,7.65,7.85
56.54,20.6,3,17,Tue,rain,small_truck,7.17,7.17
55.77,58.6,4,14,Thu,clear,small_truck,4.88,6.52
34.43,19.0,5,10,Fri,clear,van,1.81,3.98
52.47,12.1,3,16,Sun,rain,van,5.61,5.78
54.38,21.4,3,13,Fri,clear,van,5.26,5.27
45.57,31.7,4,8,Tue,rain,small_truck,7.32,7.09
32.84,59.4,4,8,Sat,clear,small_truck,6.36,4.98
39.64,11.3,4,6,Sat,rain,small_truck,2.03,4.09
29.97,31.9,2,7,Sat,clear,van,6.85,4.93
53.06,32.6,0,11,Tue,clear,van,4.67,4.73
21.87,37.1,2,4,Tue,clear,small_truck,1.86,3.62
82.04,19.0,2,21,Mon,clear,small_truck,2.5,5.41
75.06,36.7,1,13,Wed,clear,small_truck,1.04,4.65
54.91,43.3,0,15,Mon,rain,small_truck,5.81,5.73
65.63,18.9,4,13,Sat,rain,small_truck,5.48,6.21
63.84,29.2,2,21,Fri,clear,small_truck,1.46,5.28
48.79,22.4,3,19,Wed,rain,small_truck,5.16,5.3
42.46,13.6,5,11,Wed,clear,small_truck,3.73,4.68
40.45,7.9,3,8,Thu,clear,large_truck,7.98,7.53
83.3,15.3,8,22,Tue,clear,small_truck,3.55,7.61
32.33,16.3,5,14,Wed,rain,small_truck,2.03,3.81
301.0976827080705,7.8,3,18,Fri,clear,large_truck,8.52,7.61
68.01,35.0,4,3,Thu,clear,large_truck,5.69,6.18
65.37,45.5,5,8,Thu,clear,van,6.72,7.0
41.42,22.0,3,6,Sat,clear,small_truck,3.04,4.2
57.33,24.5,4,10,Wed,clear,large_truck,4.88,5.04
60.42,17.2,0,12,Mon,clear,van,1.42,3.35
25.37,23.5,2,23,Thu,clear,van,5.21,3.91
77.05,36.9,5,2,Tue,clear,van,5.3,7.25
60.41,31.9,2,22,Sun,clear,small_truck,2.48,4.39
55.33,23.4,4,19,Tue,clear,large_truck,1.06,4.41
60.61,16.3,5,9,Sat,fog,van,4.86,7.05
52.61,42.8,4,6,Thu,clear,small_truck,5.89,6.25
44.48,17.6,6,20,Thu,clear,small_truck,4.9,6.7
17.94,8.4,2,3,Sun,clear,small_truck,2.79,2.92
48.97,27.9,3,21,Sat,clear,small_truck,5.45,5.02
24.33,4.8,2,22,Tue,clear,small_truck,5.46,4.08
96.8,31.0,3,6,Sun,clear,van,5.54,7.02
44.17,32.7,6,13,Wed,clear,van,3.51,6.14
96.1,15.2,5,12,Wed,rain,van,5.1,9.06
49.31,17.0,4,18,Sat,clear,van,3.51,4.57
35.69,47.1,4,18,Tue,rain,small_truck,3.94,5.21
76.14,88.8,2,23,Wed,clear,large_truck,4.16,5.67
54.41,25.6,4,1,Mon,rain,van,1.52,5.5
111.3,15.5,5,19,Thu,rain,small_truck,1.22,9.12
35.3,32.9,1,19,Fri,clear,van,1.54,2.03
77.46,22.7,2,17,Fri,clear,van,5.89,6.12
108.73,31.3,1,5,Sun,clear,van,3.44,6.28
79.16,28.0,3,17,Fri,rain,van,9.03,9.36
62.48,28.5,2,11,Mon,clear,large_truck,3.11,5.86
79.43,3.3,2,6,Tue,clear,van,3.57,5.6
44.6,17.0,3,9,Thu,clear,van,7.79,6.99
32.26,15.7,4,9,Thu,clear,van,8.58,7.2
37.07,15.5,4,17,Tue,clear,small_truck,4.94,4.82
47.91,38.8,4,4,Thu,clear,van,4.62,4.49
63.8,9.1,4,5,Thu,clear,large_truck,5.43,7.14
33.25,3.3,4,8,Thu,clear,small_truck,8.71,7.32
40.46,15.2,2,11,Sat,clear,small_truck,2.64,4.49
34.4,12.7,1,22,Wed,rain,van,4.7,3.58
68.47,25.7,7,6,Sat,fog,small_truck,4.69,8.97
95.77,12.7,2,21,Fri,rain,small_truck,2.21,7.43
29.89,20.2,6,1,Sun,clear,van,4.35,4.28
58.44,18.0,3,12,Fri,clear,van,1.44,4.7
72.0,57.4,9,20,Thu,clear,van,2.37,7.68
42.95,13.0,3,7,Mon,clear,large_truck,4.43,4.51
24.93,37.2,4,5,Fri,rain,small_truck,1.65,2.47
75.84,23.3,2,14,Thu,rain,van,1.53,5.37
24.23,47.9,3,5,Sun,fog,van,5.73,4.92
85.0,69.2,4,0,Fri,rain,van,1.82,6.52
34.09,23.0,4,1,Fri,clear,large_truck,1.36,4.02
22.62,5.0,3,11,Sun,clear,van,4.75,3.32
38.25,9.2,2,12,Sun,rain,van,4.24,3.71
46.32,7.2,3,0,Tue,clear,small_truck,4.18,4.48
50.4,17.1,1,6,Tue,rain,van,5.46,4.1
60.45,15.0,3,18,Sat,clear,small_truck,7.85,8.05
52.29,29.0,4,13,Mon,clear,small_truck,4.34,5.32
92.47,45.3,3,14,Sat,,small_truck,3.28,6.77
45.42,4.4,3,17,Tue,clear,small_truck,6.17,5.55
53.44,24.6,3,21,Wed,clear,van,4.83,4.93
51.6,13.3,6,1,Sat,clear,large_truck,2.8,5.06
21.39,25.3,1,11,Mon,clear,large_truck,1.18,2.71
27.44,17.1,0,4,Mon,clear,van,3.13,2.3
47.99,40.2,5,16,Sat,clear,small_truck,5.46,6.4
56.12,9.8,1,9,Sat,rain,small_truck,5.58,5.21
17.59,14.0,3,3,Sat,clear,small_truck,4.54,3.89
94.26,21.8,1,21,Thu,rain,van,5.02,8.8
57.99,18.6,2,12,Sat,clear,van,1.79,3.88
46.87,21.7,2,2,Fri,clear,van,3.41,4.14
56.89,5.7,2,5,Wed,clear,small_truck,2.63,4.34
37.32,62.4,1,17,Sat,rain,small_truck,7.09,6.36
50.63,16.1,4,11,Tue,clear,van,1.47,4.74
53.97,10.4,4,22,Wed,clear,small_truck,5.67,5.16
76.21,22.2,2,1,Sat,clear,van,1.32,4.62
43.72,24.8,1,1,Tue,clear,van,5.11,4.04
24.53,80.8,3,16,Wed,clear,van,5.86,4.44
31.9,50.4,1,7,Fri,clear,van,7.0,4.51
42.25,18.3,1,20,Fri,rain,small_truck,2.41,3.75
25.75,71.6,2,18,Sun,clear,van,7.94,6.65
30.39,62.5,2,0,Fri,rain,large_truck,5.58,5.04
32.02,10.5,6,22,Mon,clear,van,5.68,6.34
41.05,93.2,8,22,Sun,clear,van,5.32,7.14
57.68,16.3,2,5,Tue,clear,van,3.13,3.75
40.24,27.0,3,14,Fri,clear,small_truck,3.14,4.02
59.29,56.2,2,15,Sun,clear,small_truck,5.76,5.53
46.89,4.5,7,0,Fri,clear,van,5.46,7.17
30.84,21.7,2,17,Mon,fog,van,5.73,5.01
54.35,30.1,6,23,Wed,clear,small_truck,2.99,6.78
50.89,49.1,0,9,Mon,clear,van,4.9,4.83
59.93,23.9,3,23,Wed,clear,large_truck,2.81,4.3
64.99,4.5,1,16,Sun,clear,van,5.98,4.8
77.21,80.4,2,17,Tue,clear,van,8.92,8.6
58.47,24.5,3,13,Sat,clear,large_truck,2.62,5.63
50.2,31.0,3,16,Mon,clear,van,5.0,5.35
60.04,6.3,4,22,Tue,clear,van,1.13,4.61
38.56,60.6,4,14,Fri,clear,small_truck,1.2,4.07
37.36,16.5,1,12,Sun,clear,van,5.04,3.69
81.56,13.3,3,4,Fri,rain,van,1.82,5.66
36.89,51.8,2,12,Fri,clear,van,5.83,4.97
32.38,7.1,1,20,Sat,clear,small_truck,1.3,2.93
58.46,31.3,3,16,Mon,rain,small_truck,7.08,7.01
38.7,13.0,1,17,Sun,rain,small_truck,4.88,4.5
64.72,34.0,5,3,Thu,clear,large_truck,4.17,6.55
74.85,40.6,4,20,Wed,clear,small_truck,4.78,6.64
34.33,16.0,3,12,Sun,rain,van,2.13,4.23
61.35,58.3,5,10,Thu,clear,small_truck,3.8,6.31
36.52,24.6,4,1,Fri,clear,small_truck,4.9,4.57
42.63,81.2,3,21,Wed,clear,van,1.85,4.62
53.32,52.2,3,15,Fri,clear,small_truck,3.61,5.23
37.39,26.7,6,7,Tue,clear,van,6.39,6.44
51.35,26.5,1,12,Wed,clear,van,4.84,4.47
44.11,7.8,3,21,Thu,clear,small_truck,2.81,4.5
65.32,51.7,2,20,Tue,fog,van,4.23,6.72
65.39,14.8,2,7,Sun,rain,van,7.99,8.61
37.47,28.9,1,19,Fri,clear,van,4.54,3.88
53.82,80.7,4,0,Sun,clear,small_truck,1.09,5.54
69.43,57.5,1,10,Tue,clear,small_truck,1.75,5.26
30.17,11.1,4,13,Wed,clear,large_truck,2.99,3.72
43.99,24.7,3,15,Sat,rain,small_truck,3.02,4.56
52.86,31.0,4,0,Tue,fog,large_truck,2.65,5.66
29.61,62.4,2,7,Tue,clear,van,5.51,3.98
39.35,56.2,1,6,Sun,clear,van,5.72,5.63
88.42,37.0,1,9,Mon,rain,small_truck,8.0,10.13
36.84,34.5,3,16,Thu,clear,small_truck,4.14,4.88
38.56,24.3,3,1,Mon,clear,large_truck,3.22,4.52
22.62,30.4,4,17,Wed,rain,small_truck,7.25,5.1
58.2,20.2,1,2,Sat,clear,van,1.82,3.55
28.06,43.3,4,12,Wed,clear,small_truck,1.25,3.63
44.39,35.8,2,19,Thu,rain,van,5.79,4.93
32.52,50.5,1,21,Sun,clear,van,4.92,4.27
51.31,49.5,3,23,Wed,clear,small_truck,5.43,5.59
11.47,14.7,0,10,Fri,clear,small_truck,4.91,3.02
48.43,2.4,4,11,Thu,clear,van,4.4,4.82
53.46,13.8,1,21,Sat,rain,small_truck,4.83,4.37
39.77,30.2,3,3,Fri,fog,large_truck,3.63,5.18
40.82,20.2,5,21,Sat,fog,van,2.29,5.14
37.73,19.5,2,2,Sun,clear,van,1.47,3.43
44.15,13.1,5,2,Sun,fog,van,3.99,5.33
82.01,33.4,1,1,Wed,clear,van,2.1,4.93
66.15,4.7,6,5,Tue,clear,van,5.12,6.72
44.13,36.8,0,21,Tue,clear,van,3.68,3.08
39.35,37.3,3,4,Sat,rain,van,5.98,5.3
63.62,49.7,5,10,Sun,clear,van,2.93,5.95
49.96,145.9,2,19,Tue,clear,van,3.1,5.21
29.29,2.0,3,21,Thu,rain,large_truck,2.35,3.31
42.03,36.1,3,10,Mon,clear,van,2.43,4.46
78.41,41.2,7,8,Fri,rain,van,5.45,9.44
57.26,13.8,1,11,Fri,clear,van,1.32,3.63
39.53,21.3,4,14,Tue,clear,large_truck,5.17,4.77
23.77,16.7,2,7,Sun,clear,van,5.14,3.55
51.21,37.7,2,16,Sun,rain,small_truck,8.53,8.27
46.99,53.5,4,19,Sun,clear,van,3.0,4.62
43.57,8.8,1,1,Sun,rain,van,3.3,3.34
63.91,33.7,3,19,Mon,clear,van,5.82,6.24
57.55,61.1,1,16,Thu,clear,small_truck,8.56,8.02
24.13,14.7,1,1,Wed,clear,small_truck,2.39,3.45
47.1,11.8,6,19,Mon,clear,van,2.53,5.54
26.78,10.6,5,11,Sun,clear,large_truck,1.75,4.43
38.0,12.4,1,0,Mon,clear,van,4.19,3.53
25.91,79.8,3,1,Fri,clear,small_truck,4.3,4.24
26.32,92.2,2,1,Wed,clear,large_truck,5.45,4.71
53.76,66.4,0,9,Fri,clear,van,4.92,5.47
51.6,19.9,4,12,Thu,clear,small_truck,1.34,4.36
45.67,68.2,4,5,Tue,clear,small_truck,2.1,5.46
36.63,10.1,1,23,Thu,rain,van,5.82,4.15
25.08,44.1,4,0,Fri,clear,van,5.94,4.16
38.07,15.8,4,23,Thu,clear,large_truck,2.77,4.64
51.7,8.9,2,3,Tue,clear,large_truck,3.45,4.28
51.22,32.9,3,2,Tue,clear,large_truck,5.23,5.62
77.74,33.5,1,11,Fri,clear,small_truck,3.39,5.45
73.17,35.9,7,18,Tue,clear,small_truck,8.03,11.64
46.41,38.9,5,15,Fri,fog,van,5.19,6.98
37.9,31.7,1,19,Sun,fog,small_truck,4.71,4.86
32.87,22.9,5,10,Fri,clear,van,4.14,4.52
23.39,26.3,1,21,Tue,,van,2.03,2.55
28.05,44.5,2,18,Fri,rain,small_truck,5.5,4.78
88.71,30.9,4,1,Sun,fog,van,5.33,8.65
51.73,17.3,1,12,Fri,clear,small_truck,2.2,3.76
59.16,13.6,0,23,Fri,rain,small_truck,2.22,4.86
41.07,26.1,4,17,Fri,clear,small_truck,7.37,5.78
109.7,60.9,4,19,Mon,clear,van,1.23,7.23
28.16,39.3,4,17,Mon,clear,van,7.72,6.34
22.39,63.1,4,14,Fri,rain,small_truck,4.08,4.91
108.88,19.6,4,8,Thu,rain,van,3.83,9.02
24.55,29.2,3,1,Sun,clear,van,1.91,3.46
40.84,32.5,4,7,Thu,clear,small_truck,5.7,5.81
34.03,45.9,4,5,Sat,clear,van,2.14,4.17
53.28,19.6,5,17,Fri,clear,van,5.55,6.18
39.58,39.2,6,8,Wed,clear,van,8.9,9.79
59.23,58.6,2,8,Sun,rain,large_truck,8.96,9.11
64.44,23.9,2,20,Mon,clear,small_truck,1.88,4.4
23.29,12.2,3,4,Fri,rain,small_truck,3.89,3.52
32.41,59.9,2,18,Thu,,small_truck,6.59,4.39
61.29,41.8,2,8,Sat,clear,van,5.46,5.49
69.65,7.0,4,22,Mon,rain,van,5.77,7.05
49.42,24.3,3,22,Tue,clear,van,1.23,4.51
54.88,83.0,4,10,Wed,clear,small_truck,5.87,6.0
79.78,37.0,4,18,Thu,clear,van,4.95,6.3
39.78,26.1,1,22,Sun,rain,large_truck,3.85,4.14
49.2,10.9,3,14,Sun,clear,van,5.66,4.66
73.21,10.8,1,21,Fri,rain,van,4.23,5.54
75.08,44.0,1,16,Mon,clear,van,7.02,6.31
44.29,11.7,4,0,Sat,clear,van,1.48,3.82
32.85,32.7,2,14,Sat,clear,van,3.85,3.21
44.08,23.9,3,5,Thu,clear,large_truck,2.55,4.79
45.83,31.3,2,14,Mon,fog,van,3.1,4.96
32.35,22.3,3,19,Tue,clear,small_truck,2.19,3.79
34.38,35.8,3,4,Sat,clear,small_truck,4.08,4.49
75.12,49.5,5,15,Tue,clear,van,3.68,6.54
55.91,22.6,2,12,Wed,clear,van,1.64,4.17
40.92,46.6,5,5,Sat,clear,small_truck,4.65,5.01
28.91,65.0,2,18,Tue,clear,large_truck,6.02,5.54
34.55,32.5,2,18,Thu,fog,small_truck,5.99,5.48
21.6,43.2,3,0,Fri,clear,van,5.34,3.74
49.95,8.9,1,7,Thu,rain,van,5.78,4.61
33.76,23.0,4,1,Sun,fog,small_truck,4.2,5.82
51.55,6.2,3,14,Tue,fog,van,5.31,5.76
61.04,17.0,5,21,Fri,rain,van,4.11,5.8
51.86,23.2,2,22,Wed,rain,small_truck,5.92,5.44
38.86,87.8,3,9,Thu,clear,large_truck,4.24,5.44
31.65,13.8,2,5,Mon,clear,large_truck,2.81,3.44
27.12,25.2,5,7,Fri,clear,small_truck,6.94,5.45
72.15,11.8,3,1,Tue,clear,large_truck,3.44,6.54
50.95,21.7,1,8,Sat,clear,van,6.24,4.21
39.77,36.3,8,15,Sun,clear,van,2.67,5.8
57.79,40.5,3,0,Wed,clear,van,4.62,5.33
67.46,19.5,5,17,Sat,clear,small_truck,7.72,7.97
34.05,15.5,2,20,Thu,rain,small_truck,4.17,4.39
50.33,70.6,4,7,Sat,clear,large_truck,9.12,9.4
50.74,18.4,2,18,Sun,clear,small_truck,5.8,4.51
78.38,3.0,4,11,Sun,clear,van,5.12,6.12
39.54,58.8,5,23,Tue,clear,van,1.54,4.52
31.17,4.0,4,12,Fri,clear,small_truck,5.93,4.93
52.57,58.9,6,14,Mon,clear,small_truck,5.37,8.29
59.71,6.4,3,19,Wed,rain,small_truck,5.47,5.68
48.67,7.7,1,6,Wed,rain,van,5.4,4.98
80.56,9.8,3,16,Thu,clear,van,7.25,6.76
39.49,17.2,5,20,Sat,clear,van,1.43,3.88
49.16,59.2,5,6,Mon,fog,small_truck,5.55,6.96
24.1,10.1,2,19,Thu,clear,van,1.84,2.91
30.45,36.2,3,6,Sat,clear,large_truck,5.34,4.74
34.14,30.7,2,14,Tue,clear,small_truck,3.79,4.05
42.19,26.9,3,7,Sat,clear,small_truck,5.59,4.97
25.79,52.0,6,15,Mon,fog,van,2.57,5.16
57.46,28.6,1,3,Thu,rain,van,2.35,4.98
32.89,30.3,4,19,Sun,fog,van,4.63,5.44
101.42,42.9,3,3,Wed,rain,van,4.68,9.57
33.37,17.7,3,8,Fri,fog,van,5.99,5.39
47.11,25.4,0,19,Tue,clear,van,3.14,3.32
44.74,32.4,1,2,Wed,clear,large_truck,2.07,3.59
29.36,48.6,7,19,Mon,clear,large_truck,2.99,6.25
42.26,22.9,4,9,Mon,rain,large_truck,7.49,6.02
42.05,25.0,2,6,Wed,clear,van,4.13,3.86
64.47,35.6,5,19,Sun,clear,small_truck,1.65,6.24
53.37,23.3,4,20,Sun,clear,van,4.66,5.41
57.12,14.1,2,20,Mon,clear,small_truck,5.95,5.39
63.9,42.9,2,13,Mon,clear,small_truck,5.05,4.86
57.49,28.8,3,4,Fri,clear,van,1.04,4.07
50.16,18.8,3,17,Sun,clear,van,8.84,8.08
34.01,9.8,2,16,Thu,clear,van,3.71,2.96
48.88,4.1,3,21,Thu,clear,van,1.67,4.02
31.38,36.9,4,17,Fri,clear,van,5.14,4.07
43.57,13.8,2,7,Thu,clear,van,5.68,4.29
41.28,6.0,4,10,Sat,rain,large_truck,5.22,4.81
42.35,12.4,4,15,Mon,rain,van,5.07,5.2
25.9,32.3,3,18,Mon,clear,van,5.59,3.57
11.56,13.7,0,7,Mon,clear,large_truck,6.0,3.16
38.21,32.8,3,6,Tue,clear,large_truck,1.85,4.36
69.87,16.3,1,21,Thu,rain,van,5.76,6.08
46.83,25.2,3,23,Tue,clear,small_truck,2.37,4.47
67.82,26.9,3,7,Fri,clear,van,5.8,6.03
31.47,41.3,0,1,Mon,clear,small_truck,5.94,4.01
37.44,42.2,1,15,Thu,rain,large_truck,2.06,4.07
840.0198949017148,25.9,1,0,Tue,clear,van,1.91,6.01
32.26,11.3,4,4,Wed,clear,van,5.91,4.22
56.68,55.8,6,12,Fri,clear,small_truck,1.38,6.07
56.64,18.5,6,8,Mon,rain,small_truck,4.14,7.88
54.16,1.8,1,1,Sat,clear,large_truck,3.28,4.48
56.97,31.5,2,8,Tue,clear,van,6.45,6.01
32.07,32.4,5,16,Sun,clear,van,8.34,7.65
38.96,19.1,2,18,Sat,clear,small_truck,7.19,4.8
13.11,6.4,3,18,Sun,clear,van,7.01,3.86
79.45,5.1,2,6,Fri,clear,van,1.05,4.08
56.83,20.3,1,15,Wed,clear,van,2.33,4.58
34.16,10.3,1,7,Tue,fog,van,8.2,7.14
31.61,48.5,5,15,Mon,clear,van,2.24,3.84
70.36,19.7,4,0,Sat,clear,small_truck,1.14,5.45
33.17,17.8,1,9,Fri,rain,van,4.81,4.21
34.12,81.8,1,7,Tue,clear,van,8.57,7.08
28.83,2.2,2,16,Mon,clear,small_truck,7.66,6.29
61.1,25.1,2,6,Sat,clear,small_truck,2.43,4.87
67.42,4.3,1,7,Mon,clear,small_truck,5.42,5.37
41.38,59.8,3,13,Thu,clear,large_truck,5.19,5.42
67.59,5.8,8,15,Wed,clear,van,1.98,6.62
52.33,33.3,5,9,Sat,clear,large_truck,6.43,6.26
28.09,30.0,1,21,Mon,rain,large_truck,2.9,4.05
77.1,4.2,3,23,Mon,clear,van,2.98,6.07
28.7,33.5,4,14,Mon,clear,small_truck,1.38,3.21
42.61,16.2,2,13,Sat,clear,small_truck,5.22,4.55
41.43,38.3,4,12,Fri,fog,small_truck,2.08,4.82
38.46,15.3,1,1,Sat,clear,small_truck,2.83,3.72
18.53,33.6,3,9,Fri,rain,large_truck,6.4,4.93
94.91,23.2,3,19,Tue,clear,van,5.02,6.79
19.69,33.6,6,16,Tue,clear,small_truck,6.61,5.88
79.06,37.8,1,1,Mon,fog,van,2.81,6.39
31.16,21.3,4,3,Mon,rain,large_truck,1.03,3.74
35.49,18.6,5,20,Sat,clear,van,3.48,3.66
75.89,37.1,4,17,Thu,clear,van,7.77,9.27
54.58,16.4,1,9,Wed,clear,small_truck,4.8,4.91
24.46,21.6,4,22,Tue,clear,van,4.15,4.4
24.23,67.7,3,1,Fri,clear,small_truck,4.94,4.34
51.38,25.3,0,18,Sat,rain,van,4.94,4.89
28.49,42.2,5,23,Mon,clear,small_truck,5.06,4.59
55.62,14.4,4,10,Sun,clear,small_truck,3.95,4.93
57.9,33.3,0,11,Tue,clear,large_truck,2.63,5.21
32.56,22.1,1,5,Sun,rain,van,4.47,3.71
36.28,19.0,1,20,Sat,fog,small_truck,4.52,4.87
52.05,3.8,1,17,Sun,rain,van,8.24,7.4
31.96,10.5,0,10,Tue,clear,large_truck,3.06,2.65
46.86,85.3,3,5,Thu,clear,small_truck,3.88,5.2
106.62,23.0,2,11,Mon,clear,van,3.38,6.66
53.05,25.4,3,10,Thu,clear,van,2.82,4.77
38.69,47.6,1,8,Tue,rain,van,4.23,3.63
98.93,31.0,1,20,Mon,clear,large_truck,5.6,6.61
62.86,18.9,4,8,Sat,clear,van,3.95,5.46
28.79,19.0,3,2,Sat,clear,van,4.24,3.44
31.1,9.7,0,19,Wed,fog,van,3.0,3.83
20.73,35.3,1,17,Wed,clear,small_truck,7.67,5.81
51.67,36.2,2,0,Thu,rain,small_truck,3.36,5.23
17.02,25.7,5,16,Fri,rain,van,4.04,4.5
98.88,22.5,1,11,Fri,clear,van,1.75,5.14
40.61,36.4,0,16,Wed,rain,van,5.79,4.71
64.43,9.5,2,6,Wed,clear,small_truck,3.67,4.96
39.1,32.3,3,4,Sun,clear,large_truck,4.15,4.75
51.3,70.2,6,13,Mon,clear,large_truck,5.24,7.35
42.85,14.7,4,1,Wed,fog,small_truck,2.87,5.18
46.31,20.8,2,5,Tue,clear,van,4.91,3.31
72.49,58.1,2,1,Tue,clear,van,2.12,5.71
86.58,25.7,5,8,Tue,clear,small_truck,8.28,9.21
83.8,44.6,1,21,Mon,clear,small_truck,1.49,6.06
140.51,33.6,4,12,Sun,clear,van,5.02,8.53
33.43,35.7,2,17,Sun,clear,van,5.95,4.05
53.33,14.0,6,17,Sat,clear,van,6.29,7.15
33.76,13.7,7,3,Sun,clear,small_truck,3.72,5.83
71.27,40.5,6,22,Sat,clear,large_truck,3.89,7.68
29.38,7.0,5,3,Mon,rain,van,5.9,5.16
73.01,21.6,4,5,Sat,clear,small_truck,3.99,5.88
49.34,36.5,4,15,Sat,rain,large_truck,2.08,5.14
43.85,20.8,3,11,Mon,clear,van,3.05,4.36
45.93,22.7,5,5,Sun,clear,van,1.48,4.05
27.16,46.1,5,8,Sat,fog,van,4.91,5.24
28.15,62.9,1,9,Sun,clear,small_truck,4.86,3.39
49.7,108.1,4,14,Thu,clear,van,4.22,5.88
49.56,59.2,0,18,Sat,clear,large_truck,7.99,7.31
34.41,17.5,2,8,Sat,clear,small_truck,4.47,3.98
40.42,12.0,1,9,Fri,clear,small_truck,8.52,7.41
55.15,17.7,2,2,Sun,rain,small_truck,5.38,6.18
31.88,36.9,6,22,Mon,clear,van,4.16,5.99
19.64,19.2,2,14,Wed,clear,small_truck,4.49,3.79
80.63,14.5,4,6,Mon,clear,small_truck,4.99,6.51
51.12,68.1,0,0,Fri,clear,van,2.86,4.28
37.01,18.7,4,22,Mon,clear,van,5.93,5.1
33.72,34.9,4,1,Wed,rain,van,2.91,4.59
31.75,34.2,2,4,Sat,clear,small_truck,1.42,3.4
71.15,3.9,1,21,Sun,rain,van,4.66,5.83
25.18,65.3,3,8,Tue,clear,small_truck,5.95,4.84
53.27,9.0,4,20,Tue,clear,large_truck,1.14,4.72
53.25,6.3,1,13,Mon,clear,van,1.9,4.03
61.55,17.0,4,13,Wed,clear,van,2.85,4.71
38.5,12.2,5,22,Fri,clear,van,2.06,4.1
77.79,58.4,3,0,Sun,rain,van,1.68,6.28
62.29,30.6,5,8,Wed,clear,large_truck,4.5,5.78
37.96,15.7,5,8,Mon,clear,van,8.03,8.0
33.05,6.1,3,17,Wed,clear,van,5.24,3.83
42.9,33.3,6,8,Thu,clear,van,7.37,7.78
37.43,20.1,0,21,Fri,clear,van,5.21,3.17
30.76,36.7,4,17,Fri,clear,small_truck,8.61,6.89
46.77,30.8,3,21,Sat,clear,van,2.23,4.02
40.53,12.6,7,19,Fri,fog,small_truck,3.88,6.9
85.37,40.0,1,17,Wed,clear,small_truck,5.26,6.4
37.4,8.0,4,8,Mon,fog,small_truck,9.62,9.11
32.92,19.4,2,17,Sun,rain,van,3.27,3.48
45.53,21.5,2,10,Mon,clear,van,2.11,4.14
50.46,23.9,2,8,Wed,clear,van,4.79,3.98
52.04,7.5,1,5,Wed,clear,van,5.97,4.27
51.84,56.5,3,21,Sun,clear,small_truck,1.2,4.47
46.17,12.5,0,17,Thu,fog,small_truck,4.37,4.27
44.79,4.7,3,1,Wed,clear,large_truck,1.5,4.24
58.04,31.5,6,8,Sun,clear,small_truck,8.21,10.45
29.57,84.5,6,13,Wed,clear,van,3.0,6.07
33.02,3.9,4,16,Sat,clear,van,8.15,7.24
22.4,46.5,3,7,Mon,,large_truck,9.38,7.25
29.78,25.2,5,16,Fri,rain,van,7.63,7.15
68.29,7.8,1,6,Sat,clear,van,1.84,4.24
57.04,21.4,5,3,Tue,clear,large_truck,5.86,6.88
90.08,71.2,4,2,Sat,clear,van,3.19,6.37
81.12,60.6,1,21,Sun,clear,small_truck,3.32,4.82
57.24,121.5,3,15,Mon,clear,van,4.18,5.79
48.28,41.3,2,19,Tue,clear,small_truck,4.58,4.45
45.89,16.6,2,12,Tue,clear,van,5.81,4.09
16.54,45.9,3,13,Sun,clear,large_truck,5.85,4.43
43.81,13.7,4,6,Wed,clear,van,3.07,3.82
35.48,22.8,4,2,Sun,clear,van,1.71,3.87
30.35,13.8,3,17,Wed,clear,small_truck,7.87,6.16
53.54,41.2,8,4,Sun,clear,small_truck,1.59,7.62
41.64,38.7,3,20,Thu,clear,van,3.76,4.82
47.05,14.9,3,2,Tue,clear,van,1.83,3.64
28.45,53.4,3,23,Thu,clear,small_truck,2.79,3.62
63.38,65.2,4,11,Mon,clear,large_truck,3.65,6.01
37.33,16.7,1,6,Tue,rain,small_truck,4.52,4.5
52.38,33.8,3,6,Fri,fog,van,5.88,6.16
38.65,67.9,4,16,Sat,fog,van,8.77,8.25
15.14,31.6,0,19,Wed,clear,small_truck,3.6,2.09
54.42,19.4,2,11,Sat,clear,large_truck,2.56,4.54
42.77,23.6,2,10,Wed,rain,van,3.68,4.12
21.7,16.5,3,21,Wed,clear,van,2.83,3.26
26.95,54.6,3,10,Thu,fog,van,3.3,3.47
64.14,50.0,5,7,Wed,clear,small_truck,9.28,9.75
22.18,13.4,3,22,Fri,clear,small_truck,3.57,3.34
36.92,15.7,3,19,Sun,clear,small_truck,1.21,2.87
93.37,6.4,4,13,Wed,clear,small_truck,4.42,6.86
54.99,37.1,2,0,Thu,clear,small_truck,2.4,4.71
60.53,9.2,0,9,Wed,fog,large_truck,4.57,5.43
40.15,92.2,1,23,Fri,clear,van,4.83,4.94
162.5808244191045,12.2,4,23,Fri,,van,1.83,2.53
48.9,3.6,2,16,Thu,clear,small_truck,6.85,4.29
27.78,8.8,2,11,Mon,clear,small_truck,5.09,3.76
26.61,30.9,3,20,Sun,fog,van,2.5,3.52
46.6,23.3,8,13,Fri,clear,van,3.36,5.81
28.63,12.0,1,1,Sat,clear,small_truck,3.89,3.54
44.42,22.4,1,9,Sat,clear,van,7.71,6.6
33.49,15.2,2,7,Mon,clear,small_truck,9.72,7.96
43.78,36.5,3,16,Sun,rain,small_truck,9.29,8.58
35.92,9.5,5,5,Mon,clear,large_truck,2.05,4.49
44.29,27.7,4,18,Sat,rain,small_truck,5.88,5.48
78.34,28.6,2,5,Sun,clear,van,1.79,4.24
61.09,23.9,9,15,Thu,clear,van,1.3,7.35
42.27,33.4,1,7,Sat,clear,van,5.28,4.5
73.18,22.2,8,5,Sun,clear,van,2.6,7.78
52.69,40.9,4,16,Thu,clear,small_truck,7.03,5.87
71.11,23.8,4,22,Thu,,small_truck,4.21,6.34
23.29,56.2,4,19,Sat,clear,small_truck,2.93,4.12
28.78,27.6,4,12,Sat,clear,small_truck,5.34,5.06
48.66,53.8,5,21,Mon,clear,small_truck,5.21,6.14
41.83,15.4,4,19,Mon,rain,small_truck,4.61,5.08
44.33,10.6,2,22,Fri,clear,van,2.75,3.86
56.17,40.7,4,0,Fri,clear,van,2.21,4.71
48.86,24.2,3,19,Sat,clear,van,1.58,4.38
63.47,2.3,4,12,Mon,fog,small_truck,2.25,5.71
62.77,13.2,4,16,Tue,clear,large_truck,7.93,8.15
29.36,31.0,5,22,Mon,clear,large_truck,3.09,4.41
15.4,22.6,2,12,Tue,clear,van,3.08,3.03
28.55,12.7,4,16,Thu,clear,large_truck,6.36,5.06
27.75,24.0,2,23,Wed,clear,large_truck,4.24,3.8
45.7,27.1,8,2,Mon,fog,van,5.6,8.29
45.46,4.7,2,17,Thu,rain,small_truck,5.52,5.26
40.79,52.8,3,17,Wed,rain,large_truck,9.08,8.35
53.52,61.1,2,4,Wed,fog,van,3.24,5.25
110.49,13.1,4,0,Sat,clear,large_truck,2.37,7.06
40.42,82.6,4,15,Wed,rain,small_truck,3.72,5.27
49.49,22.8,2,8,Thu,fog,van,7.53,7.49
44.32,14.5,1,7,Mon,clear,van,5.39,4.53
34.57,14.1,2,5,Sat,rain,van,1.49,3.89
56.38,79.0,4,13,Thu,rain,small_truck,4.13,6.35
39.6,9.7,4,6,Sat,clear,van,4.68,4.53
31.49,27.5,3,1,Wed,clear,van,4.07,3.67
32.49,30.1,3,0,Thu,clear,large_truck,2.76,3.62
64.41,40.9,1,6,Wed,clear,van,3.78,5.18
55.81,25.9,3,14,Sun,clear,van,5.53,4.85
36.19,75.2,6,12,Mon,,large_truck,5.62,6.77
53.16,84.8,2,17,Tue,,large_truck,4.33,5.32
44.54,64.0,3,14,Sun,clear,small_truck,1.48,4.57
49.84,32.3,5,7,Mon,clear,van,7.3,6.29
34.19,46.9,2,22,Tue,clear,van,1.87,3.3
28.13,19.2,7,14,Wed,clear,small_truck,5.01,6.51
39.5,54.1,5,14,Sat,fog,small_truck,2.4,6.08
30.21,15.2,5,11,Sat,clear,small_truck,1.75,3.98
29.26,11.3,3,10,Sun,fog,van,5.08,4.58
23.89,11.0,5,23,Mon,clear,small_truck,2.04,3.4
15.46,37.1,5,9,Tue,clear,small_truck,3.6,3.91
36.46,69.2,1,19,Thu,clear,large_truck,5.11,4.25
69.31,72.9,3,2,Sat,,van,1.47,6.94
62.27,2.5,0,22,Thu,clear,van,3.1,3.95
83.18,48.9,2,18,Thu,rain,van,5.5,6.88
28.72,10.6,2,19,Sat,clear,small_truck,1.71,2.93
57.87,107.0,3,7,Tue,clear,large_truck,4.03,6.43
42.18,7.6,2,15,Sat,rain,van,1.42,3.64
32.52,4.8,0,18,Fri,clear,small_truck,5.32,3.23
66.05,49.6,3,1,Tue,clear,small_truck,5.79,5.41
42.36,18.2,2,15,Thu,clear,van,4.62,4.19
19.63,17.4,4,20,Tue,rain,small_truck,4.57,4.25
61.99,13.0,3,20,Wed,clear,van,4.35,4.92
51.67,14.9,2,18,Fri,clear,large_truck,8.79,7.5
46.78,51.2,5,21,Wed,clear,small_truck,3.65,4.87
26.27,10.9,3,6,Sun,clear,small_truck,5.93,4.16
49.02,22.1,6,16,Mon,clear,van,7.98,9.56
78.42,9.9,2,6,Tue,clear,van,4.15,5.0
51.09,26.8,1,20,Sun,,van,1.11,3.46
22.36,17.1,7,12,Sat,clear,van,4.77,6.24
52.67,34.9,7,19,Thu,rain,small_truck,2.78,7.81
51.3,38.2,2,6,Tue,clear,small_truck,4.87,5.47
59.8,69.9,2,7,Tue,clear,van,7.83,8.19
50.72,102.5,1,23,Tue,clear,small_truck,1.11,3.77
29.3,14.1,3,21,Sun,clear,van,2.92,4.52
45.74,41.4,1,4,Wed,clear,van,5.52,4.76
39.79,16.9,0,9,Sun,clear,van,5.33,3.37
47.99,37.4,0,3,Sat,clear,small_truck,4.72,5.39
67.04,36.3,1,15,Wed,clear,van,2.62,4.62
33.45,35.5,4,1,Sat,rain,van,3.55,4.84
664.8754410907563,43.7,5,0,Thu,clear,van,5.52,7.22
52.53,28.1,7,13,Thu,clear,van,4.16,6.83
62.14,18.3,2,21,Sat,clear,van,3.17,4.9
58.74,27.0,3,17,Fri,clear,van,7.88,8.11
51.67,97.4,3,16,Tue,clear,small_truck,5.8,6.66
55.56,15.5,4,14,Wed,clear,van,1.06,4.41
8.38,19.5,2,4,Sun,clear,van,4.09,2.81
58.69,13.2,2,4,Tue,clear,small_truck,5.31,5.15
30.29,3.8,4,14,Fri,clear,van,4.5,3.63
43.41,23.7,4,22,Sat,fog,van,3.6,4.91
51.53,39.3,4,1,Fri,clear,small_truck,1.72,4.57
68.28,11.4,3,9,Mon,rain,van,4.68,6.55
30.29,62.8,3,4,Sat,clear,small_truck,2.4,4.19
36.84,34.1,2,3,Sun,clear,small_truck,5.82,4.63
38.94,51.5,4,8,Fri,clear,large_truck,5.43,5.41
48.23,31.8,2,4,Sat,clear,van,5.02,4.24
39.94,22.0,2,5,Mon,clear,small_truck,1.06,3.16
55.67,18.6,3,10,Sat,rain,small_truck,3.36,5.35
19.98,30.8,0,17,Sat,clear,small_truck,5.9,3.48
41.99,32.9,3,13,Thu,clear,van,5.76,5.27
81.61,16.5,5,13,Thu,rain,small_truck,1.99,6.58
39.98,21.6,2,14,Sat,clear,small_truck,1.25,3.77
52.62,85.2,5,5,Fri,rain,van,1.81,5.13
63.97,27.4,3,1,Mon,rain,van,1.32,4.81
51.92,29.5,3,0,Tue,rain,large_truck,2.58,5.34
91.71,71.7,3,20,Fri,clear,small_truck,5.98,7.56
46.18,33.2,3,21,Fri,clear,small_truck,5.65,5.53
56.8,24.8,5,8,Tue,clear,small_truck,6.93,7.04
49.04,50.5,4,18,Mon,clear,van,7.6,8.26
74.79,42.8,4,6,Fri,rain,van,3.0,7.09
37.59,30.1,4,7,Wed,clear,small_truck,8.44,8.35
94.8,32.0,3,16,Fri,clear,small_truck,5.79,7.08
33.8,20.0,3,22,Fri,clear,small_truck,3.02,4.78
84.83,9.3,3,14,Tue,clear,van,1.6,6.5
28.79,38.6,0,23,Sat,clear,small_truck,5.68,3.32
57.54,6.1,1,23,Tue,clear,small_truck,2.69,3.9
44.54,9.6,3,0,Wed,clear,van,2.23,4.0
63.43,21.3,5,9,Fri,clear,small_truck,5.31,6.3
53.14,19.7,6,11,Sun,rain,van,3.37,5.86
62.04,41.5,6,4,Sun,clear,van,3.52,6.3
28.36,49.3,4,5,Fri,clear,small_truck,4.36,4.62
21.58,93.2,1,23,Fri,clear,van,5.05,3.92
26.4,5.2,1,4,Thu,rain,small_truck,4.51,3.8
26.11,35.3,2,11,Thu,clear,small_truck,3.46,4.36
28.22,34.3,7,11,Thu,clear,van,3.68,5.04
34.75,31.3,5,15,Sun,rain,small_truck,5.88,6.59
34.62,38.5,2,13,Fri,clear,van,3.24,4.5
44.97,44.4,1,1,Sat,clear,van,2.61,3.16
31.21,64.1,2,10,Thu,clear,van,4.23,3.64
32.27,32.0,3,8,Sat,clear,small_truck,7.09,5.03
40.98,77.4,2,3,Sat,clear,van,5.69,4.7
66.97,32.1,3,23,Thu,clear,van,2.76,5.33
37.32,17.6,1,12,Fri,rain,large_truck,3.55,4.42
43.76,30.0,4,23,Thu,clear,large_truck,4.12,5.14
46.69,12.3,4,21,Thu,clear,large_truck,4.54,5.3
29.61,12.9,3,23,Tue,clear,van,1.2,3.04
38.84,22.8,4,5,Sat,rain,small_truck,5.5,5.54
33.35,20.3,2,19,Sat,rain,small_truck,1.89,4.43
64.38,62.9,3,0,Sun,fog,van,2.13,5.33
62.23,22.5,0,12,Tue,rain,van,4.47,5.07
31.94,10.8,2,20,Sun,clear,van,1.99,3.28
43.41,26.0,0,13,Fri,rain,small_truck,1.67,3.7
56.82,31.9,5,4,Wed,clear,small_truck,5.75,6.32
50.78,28.2,2,1,Sun,rain,van,4.22,5.46
53.01,10.3,1,11,Thu,clear,van,5.74,4.44
29.69,67.6,4,19,Thu,clear,small_truck,1.32,4.91
83.54,4.5,3,22,Sat,clear,small_truck,1.18,4.72
34.47,27.8,2,17,Tue,clear,large_truck,6.04,5.04
34.06,10.0,2,10,Thu,clear,van,1.19,3.03
25.02,52.5,0,16,Mon,clear,large_truck,5.27,4.01
41.72,35.5,2,18,Wed,clear,van,9.36,7.83
69.86,31.9,3,9,Fri,rain,van,4.85,6.13
50.58,21.2,5,6,Sun,rain,large_truck,4.66,6.56
43.07,63.6,6,6,Tue,clear,van,4.23,7.15
60.39,21.2,3,17,Sun,rain,small_truck,3.95,5.58
69.15,82.0,1,19,Mon,clear,van,2.16,4.9
62.17,12.5,2,4,Mon,clear,small_truck,4.15,5.48
18.83,26.2,4,23,Wed,rain,van,1.46,3.62
60.6,43.6,3,0,Wed,clear,van,3.29,4.46
53.86,37.2,3,10,Fri,rain,van,4.39,5.74
31.64,24.6,2,11,Tue,clear,large_truck,2.7,4.03
53.95,5.2,8,1,Thu,rain,large_truck,2.56,6.99
69.91,29.3,2,17,Sun,rain,small_truck,7.48,7.76
35.1,19.2,5,21,Tue,clear,large_truck,3.09,3.94
63.97,15.7,1,5,Thu,clear,small_truck,3.66,3.85
51.03,45.4,3,16,Fri,clear,van,4.37,5.43
10.57,4.1,6,22,Thu,clear,van,4.95,4.37
44.37,25.3,3,16,Wed,rain,small_truck,6.76,5.85
50.2,1.2,5,10,Mon,clear,small_truck,5.86,5.22
39.48,37.4,2,22,Thu,clear,van,4.78,4.68
51.81,45.7,1,9,Sun,clear,van,6.15,5.22
42.43,29.0,0,16,Sun,clear,large_truck,7.05,4.88
102.83,17.8,1,18,Sat,clear,van,5.39,6.11
38.33,63.0,2,14,Mon,clear,van,3.23,4.07
32.03,65.9,3,7,Mon,rain,small_truck,7.36,6.04
62.65,33.1,3,17,Thu,clear,small_truck,7.01,6.17
40.37,72.6,1,7,Wed,clear,van,8.95,7.17
43.37,12.5,2,11,Tue,clear,small_truck,3.77,4.12
41.85,23.4,3,13,Tue,clear,van,1.06,3.94
61.24,2.2,4,6,Tue,rain,van,1.63,5.25
28.12,9.3,6,18,Mon,clear,small_truck,4.53,5.93
63.92,8.6,6,6,Fri,clear,large_truck,5.52,7.39
55.65,37.3,2,3,Wed,clear,small_truck,2.58,4.98
88.53,10.0,1,17,Fri,clear,van,8.32,7.93
48.61,14.7,3,21,Tue,clear,van,3.23,4.46
29.02,16.3,4,5,Fri,clear,van,5.6,4.61
48.83,7.7,5,12,Tue,clear,van,3.41,5.69
51.31,27.3,4,22,Sun,clear,van,5.3,5.11
72.39,31.2,7,8,Tue,rain,van,7.85,11.4
28.98,5.9,4,9,Sat,rain,van,4.56,3.98
22.37,41.5,1,16,Fri,clear,small_truck,7.07,4.08
49.25,11.8,3,15,Tue,clear,van,2.34,4.25
90.14,16.1,1,3,Mon,clear,van,2.0,4.75
58.96,35.7,3,1,Fri,clear,van,2.6,4.91
60.36,16.2,2,8,Mon,clear,small_truck,5.53,5.36
24.73,9.5,0,10,Fri,clear,van,3.48,3.02
45.94,26.1,0,14,Fri,clear,van,4.19,4.08
72.95,52.9,5,9,Fri,clear,van,9.34,10.15
51.56,48.5,3,3,Sun,clear,van,3.35,4.98
21.68,14.9,1,18,Thu,clear,small_truck,7.42,4.64
45.56,11.0,4,10,Thu,fog,van,3.46,4.63
57.28,13.1,1,1,Sun,clear,small_truck,3.17,3.72
8.15,48.9,4,14,Sun,clear,small_truck,3.06,3.35
43.53,12.9,6,9,Thu,clear,small_truck,8.1,9.93
30.54,70.2,4,12,Wed,clear,small_truck,1.73,3.76
63.43,35.3,4,20,Sat,rain,van,2.45,5.92
37.69,23.9,4,4,Thu,rain,van,4.6,4.38
53.57,14.7,3,16,Thu,,van,4.86,4.84
45.06,26.4,2,2,Sat,clear,van,1.01,3.6
37.09,9.4,7,18,Sat,clear,van,6.02,6.68
94.37,6.1,3,8,Wed,clear,van,4.66,6.23
35.35,35.6,3,18,Wed,fog,van,4.59,5.45
46.62,23.8,3,0,Fri,rain,large_truck,2.63,5.6
45.0,42.5,0,15,Mon,clear,van,5.77,5.02
48.74,30.4,3,6,Sat,rain,van,5.04,6.12
91.41,14.5,4,9,Thu,clear,small_truck,5.16,7.38
57.31,48.5,2,5,Sun,clear,small_truck,1.61,4.81
36.94,16.0,0,9,Thu,rain,van,8.05,6.03
79.48,58.1,3,18,Wed,rain,small_truck,7.87,9.52
61.36,15.6,4,1,Mon,clear,van,4.13,5.67
37.25,7.2,2,14,Mon,rain,large_truck,3.94,3.68
74.44,65.4,3,4,Fri,clear,small_truck,1.75,6.19
24.61,15.1,3,9,Tue,clear,van,6.31,4.03
27.62,16.1,4,13,Sat,fog,small_truck,3.16,4.11
21.01,7.5,3,2,Thu,rain,van,3.23,3.62
16.77,22.3,0,21,Sun,clear,van,5.85,3.21
72.25,8.5,1,16,Thu,clear,van,4.19,4.78
49.0,62.8,2,14,Wed,rain,small_truck,1.07,4.35
21.92,18.1,3,22,Mon,fog,large_truck,5.57,4.08
44.52,11.2,3,9,Wed,clear,van,8.81,6.57
64.78,25.4,5,3,Sat,clear,small_truck,2.45,6.06
32.69,100.9,1,19,Sun,clear,small_truck,2.61,3.99
39.48,26.3,3,15,Thu,clear,van,3.96,3.88
96.25,20.2,4,10,Sun,clear,small_truck,2.01,6.66
41.01,24.9,2,2,Mon,clear,large_truck,5.38,4.49
22.76,44.0,4,6,Mon,clear,small_truck,2.35,3.42
35.99,41.3,1,13,Mon,fog,van,1.3,4.33
21.23,29.8,3,1,Mon,clear,small_truck,3.66,3.91
59.24,49.9,2,13,Mon,rain,small_truck,4.67,5.96
30.7,26.0,7,19,Mon,fog,van,5.78,6.59
30.27,21.5,3,10,Sat,clear,van,4.12,3.96
99.95,25.6,5,14,Thu,clear,small_truck,1.51,6.9
26.27,15.7,3,5,Sat,rain,van,4.31,4.04
24.16,44.7,3,13,Sat,clear,small_truck,1.46,3.88
28.26,15.0,2,4,Fri,clear,van,1.97,2.59
65.62,3.3,0,17,Mon,clear,van,5.93,4.78
56.04,6.1,5,12,Mon,clear,small_truck,1.28,4.9
35.79,32.0,3,14,Fri,clear,van,2.83,3.63
34.39,13.0,3,7,Sun,clear,van,8.0,7.08
54.27,42.0,2,8,Tue,fog,van,5.23,6.6
49.78,24.0,8,15,Fri,clear,small_truck,3.48,6.65
42.14,44.5,1,14,Mon,clear,van,2.13,3.8
56.84,3.6,2,16,Tue,clear,small_truck,7.74,7.18
27.42,14.9,2,3,Fri,clear,large_truck,3.46,3.51
30.92,10.9,1,4,Fri,clear,small_truck,1.83,3.47
58.07,114.1,2,7,Fri,clear,van,7.51,7.85
51.46,17.1,4,9,Thu,clear,van,6.28,5.95
16.12,6.0,1,12,Tue,clear,small_truck,5.93,3.14
45.83,31.6,3,12,Sat,clear,van,5.92,4.81
98.44,10.0,1,1,Wed,clear,small_truck,2.26,6.13
61.99,47.7,3,0,Fri,rain,small_truck,5.42,6.76
36.25,53.4,1,19,Wed,clear,small_truck,4.6,3.96
32.11,11.0,3,13,Thu,rain,small_truck,3.16,3.95
52.48,13.3,1,1,Sun,rain,small_truck,5.08,5.01
72.16,29.4,5,20,Wed,rain,van,3.1,6.54
19.73,48.7,3,8,Sun,clear,van,6.97,4.46
50.9,32.0,6,15,Mon,clear,small_truck,2.86,6.81
39.21,17.1,5,10,Thu,clear,small_truck,5.22,4.72
48.99,7.2,2,4,Thu,clear,van,5.53,4.04
23.37,74.5,5,16,Sun,clear,van,5.57,5.03
72.14,32.5,1,8,Tue,clear,small_truck,7.17,5.48
80.2,85.2,2,3,Fri,clear,van,1.58,5.38
59.64,36.0,5,5,Fri,clear,van,5.43,5.84
86.95,77.9,1,19,Mon,clear,van,2.1,5.77
38.38,12.3,5,12,Sun,clear,van,1.18,3.78
50.4,13.1,0,10,Thu,clear,van,4.73,4.12
60.01,20.9,3,18,Thu,clear,van,7.18,5.76
52.76,11.4,3,6,Sun,rain,van,3.06,4.7
40.48,5.0,4,3,Mon,rain,small_truck,4.1,5.08
42.33,14.3,5,2,Fri,clear,large_truck,4.86,4.43
77.16,35.6,4,2,Mon,clear,van,1.85,5.73
44.85,8.1,3,22,Sun,clear,van,2.52,3.06
70.44,9.0,1,21,Sat,clear,van,3.43,4.7
43.87,15.1,7,9,Thu,clear,large_truck,7.96,10.56
70.26,10.3,4,11,Wed,rain,van,4.07,6.32
46.88,15.9,4,9,Sun,clear,large_truck,5.82,5.36
57.95,22.1,9,13,Tue,clear,small_truck,4.31,7.54
33.84,8.7,1,4,Sat,clear,small_truck,1.11,2.56
50.36,15.4,6,15,Wed,clear,van,2.62,6.26
34.05,23.7,5,12,Sat,clear,small_truck,3.86,4.93
37.97,11.9,5,21,Sat,clear,van,2.53,3.75
39.29,7.2,2,7,Sun,clear,small_truck,8.42,7.43
42.03,12.6,4,18,Fri,clear,small_truck,9.57,8.22
66.9,17.9,7,3,Wed,clear,small_truck,2.86,6.39
37.35,4.7,3,2,Sun,clear,small_truck,2.16,4.12
48.21,36.0,2,18,Fri,clear,large_truck,5.14,5.79
70.35,18.7,5,21,Fri,clear,van,3.22,5.57
57.45,12.7,2,21,Tue,clear,small_truck,5.79,5.42
19.93,5.6,4,1,Thu,clear,van,2.18,3.04
23.08,32.8,1,8,Sat,clear,van,5.2,3.74
53.17,53.7,3,11,Wed,clear,van,3.8,5.33
36.55,14.8,3,6,Fri,clear,van,3.85,4.37
21.64,80.3,5,7,Tue,rain,van,7.85,6.81
35.42,22.9,4,8,Tue,rain,van,7.0,5.41
54.0,23.5,2,0,Sat,clear,van,4.96,5.22
39.11,43.4,2,22,Wed,clear,small_truck,3.46,3.9
46.29,34.0,2,7,Tue,rain,van,4.81,5.13
40.6,8.1,3,14,Tue,clear,large_truck,4.38,4.2
33.32,14.4,5,18,Mon,clear,van,6.57,5.51
49.95,48.6,3,3,Thu,clear,van,2.07,4.45
20.59,34.5,3,4,Wed,clear,small_truck,5.27,4.35
31.51,80.8,2,15,Mon,rain,small_truck,4.71,5.02
61.89,30.8,7,23,Thu,rain,van,3.11,6.67
23.42,35.4,4,9,Sun,clear,van,8.37,7.76
45.32,12.6,1,21,Sun,fog,large_truck,4.38,4.59
37.81,53.2,4,0,Fri,clear,large_truck,5.65,6.55
36.29,2.1,2,17,Fri,clear,large_truck,8.18,5.95
64.32,26.7,2,23,Sun,clear,van,4.55,5.19
69.51,36.1,2,17,Sat,rain,van,4.87,5.6
28.23,29.3,6,2,Tue,fog,van,3.1,6.23
11.47,23.0,4,0,Thu,clear,small_truck,4.18,3.13
42.17,21.0,2,9,Wed,clear,van,7.53,6.18
18.06,23.7,3,13,Tue,clear,van,5.56,3.85
62.83,9.3,1,15,Sun,clear,large_truck,1.41,4.92
44.34,29.2,4,22,Fri,clear,van,4.57,5.38
22.69,12.7,2,14,Fri,fog,van,2.33,3.12
32.18,14.9,1,6,Sat,rain,small_truck,4.55,3.81
27.12,8.3,5,0,Mon,clear,large_truck,2.59,4.24
31.38,130.7,3,22,Wed,clear,large_truck,3.85,5.26
18.88,27.7,1,14,Sun,clear,van,3.63,2.9
76.81,6.8,3,16,Tue,clear,small_truck,8.92,8.83
28.7,25.6,1,17,Tue,fog,large_truck,7.77,7.04
45.28,52.7,4,19,Fri,clear,small_truck,2.21,4.87
53.79,28.9,3,20,Tue,rain,van,4.14,5.97
69.55,22.5,1,20,Sat,clear,small_truck,4.2,4.88
45.93,11.8,2,4,Sat,clear,small_truck,2.82,3.73
40.33,29.0,2,7,Sat,fog,van,5.98,5.33
46.74,40.2,1,0,Fri,clear,van,5.55,4.56
28.16,40.5,2,2,Tue,clear,van,1.77,3.55
29.17,27.0,4,22,Fri,clear,small_truck,1.71,3.26
39.94,26.9,2,10,Tue,clear,van,3.95,4.53
15.77,58.8,1,16,Mon,clear,van,6.4,3.75
33.62,54.6,1,13,Sun,clear,van,3.52,4.17
36.82,20.1,3,10,Tue,clear,small_truck,2.34,4.84
92.42,76.2,2,3,Fri,clear,small_truck,2.84,6.91
73.26,6.9,4,17,Wed,clear,small_truck,5.98,6.68
53.71,27.9,1,18,Fri,rain,small_truck,6.69,6.24
63.47,30.0,3,3,Wed,rain,small_truck,1.39,5.24
29.06,11.2,4,7,Thu,,small_truck,6.41,5.48
47.26,5.5,3,23,Mon,clear,small_truck,4.44,4.36
60.25,11.5,5,20,Thu,clear,van,4.55,5.33
29.17,46.0,3,15,Fri,clear,van,2.35,3.76
23.11,47.0,7,23,Fri,fog,small_truck,3.72,6.07
51.39,38.7,2,21,Sun,clear,small_truck,2.92,4.67
24.3,12.9,8,14,Fri,fog,small_truck,1.18,5.37
55.74,47.4,9,13,Sun,rain,van,3.16,7.46
69.06,13.7,2,15,Fri,clear,large_truck,4.37,5.89
29.58,29.2,1,19,Sat,clear,large_truck,5.73,4.0
30.59,23.6,3,23,Tue,clear,van,1.56,3.41
68.22,17.3,4,7,Tue,clear,large_truck,5.24,6.74
46.03,37.3,3,7,Fri,fog,small_truck,7.93,8.62
64.48,42.7,3,3,Thu,clear,van,3.35,5.23
40.56,12.3,1,0,Thu,rain,small_truck,5.47,3.87
41.85,24.7,5,8,Sun,clear,van,8.1,7.58
45.54,41.2,3,5,Thu,rain,small_truck,5.33,6.44
84.47,1.0,2,21,Mon,clear,small_truck,4.79,5.83
62.42,32.1,3,11,Thu,clear,van,1.36,4.63
33.15,41.8,2,16,Tue,clear,van,6.89,4.89
48.67,33.1,2,4,Mon,clear,van,1.64,4.09
39.37,34.3,4,10,Tue,fog,van,4.74,5.21
36.29,22.3,3,19,Mon,rain,small_truck,3.1,4.62
55.1,39.8,2,5,Fri,clear,small_truck,4.42,5.2
50.54,7.8,4,9,Thu,clear,large_truck,4.56,4.58
29.73,11.5,5,14,Sun,clear,small_truck,1.57,2.72
45.58,33.9,2,4,Mon,clear,van,1.53,3.57
35.82,39.9,3,14,Thu,clear,van,2.88,3.47
53.67,53.0,4,14,Sun,clear,small_truck,1.85,5.07
35.14,68.7,1,12,Thu,rain,van,1.04,3.58
41.95,13.1,3,3,Wed,fog,van,5.4,5.56
36.72,9.2,1,17,Fri,clear,small_truck,7.62,6.39
20.26,45.3,6,20,Tue,rain,small_truck,3.84,5.07
82.72,16.7,2,5,Sat,clear,van,4.62,5.67
45.37,23.0,4,2,Fri,clear,van,2.51,4.09
83.92,42.1,4,12,Wed,,small_truck,4.53,7.1
46.23,27.8,4,4,Mon,clear,small_truck,3.6,4.74
59.13,38.9,2,7,Fri,clear,small_truck,3.65,5.48
34.09,12.0,2,15,Sun,rain,large_truck,4.32,4.91
34.46,30.3,0,4,Sun,clear,small_truck,5.97,4.01
44.33,29.8,6,8,Fri,rain,small_truck,4.54,6.47
83.61,52.3,3,7,Sun,clear,small_truck,3.97,6.07
30.19,60.4,3,17,Sat,clear,small_truck,6.78,5.55
18.03,16.4,4,19,Wed,clear,large_truck,2.39,3.43
67.57,10.2,1,20,Sat,clear,van,3.03,4.21
411.0929164716765,40.5,5,2,Mon,clear,small_truck,1.04,5.51
37.59,4.9,2,18,Sun,clear,small_truck,5.02,4.52
96.96,42.6,1,6,Sun,rain,van,4.54,8.04
98.74,44.9,1,21,Thu,clear,van,5.82,6.99
19.61,15.4,2,12,Sun,clear,van,3.95,3.33
33.75,1.4,2,22,Mon,clear,small_truck,5.21,4.71
44.19,48.2,4,9,Mon,clear,small_truck,4.03,4.99
53.07,63.3,2,7,Wed,clear,small_truck,5.18,5.41
49.84,60.4,2,19,Mon,clear,van,2.74,4.72
45.3,61.8,9,8,Tue,clear,small_truck,4.59,7.94
28.21,7.3,4,18,Tue,clear,van,6.97,5.01
55.79,25.3,2,1,Thu,rain,large_truck,5.78,6.11
57.08,29.7,2,16,Fri,clear,van,4.62,4.69
65.62,26.5,3,21,Tue,clear,van,5.51,5.62
26.48,39.2,5,6,Wed,clear,van,3.69,4.19
41.28,9.6,6,23,Sat,rain,small_truck,1.51,5.82
36.82,4.8,0,0,Tue,clear,large_truck,3.68,3.66
26.26,3.3,1,3,Wed,clear,small_truck,3.34,2.72
41.0,48.9,1,7,Sat,fog,large_truck,6.94,6.37
28.82,7.2,1,7,Wed,rain,van,8.41,6.21
24.35,26.3,3,14,Tue,clear,van,4.21,3.64
60.94,14.8,3,20,Sat,clear,van,4.34,5.4
37.51,15.3,4,2,Sun,clear,small_truck,4.04,4.82
33.05,20.6,2,17,Sun,rain,van,5.06,4.43
72.15,15.9,4,19,Thu,clear,van,5.63,6.95
57.78,4.8,4,13,Mon,clear,small_truck,2.06,3.92
17.14,20.6,3,23,Wed,clear,van,3.98,3.68
53.22,12.3,3,2,Sat,clear,small_truck,4.87,4.66
53.11,11.7,6,17,Sun,rain,van,3.6,6.51
40.29,75.7,3,10,Mon,clear,van,3.25,4.59
39.65,6.1,5,9,Mon,clear,small_truck,5.05,4.99
21.34,19.9,4,14,Wed,clear,large_truck,2.13,3.22
96.49,28.1,4,19,Mon,rain,van,4.18,8.34
40.94,75.7,3,11,Tue,clear,van,5.57,4.51
52.03,8.7,1,6,Thu,clear,van,2.52,3.68
41.89,58.3,4,6,Tue,fog,large_truck,5.17,6.41
33.29,20.5,2,22,Fri,clear,van,3.62,3.85
62.86,21.1,2,9,Sun,clear,small_truck,7.6,8.1
48.06,37.6,1,8,Thu,clear,small_truck,8.72,7.71
41.08,64.6,3,13,Thu,rain,small_truck,4.18,5.66
51.81,15.8,3,16,Sun,clear,van,5.71,4.76
43.51,29.6,1,0,Fri,clear,van,3.92,4.39
86.3,26.7,3,0,Sun,clear,large_truck,4.46,6.76
61.99,25.7,3,13,Sun,clear,van,5.31,5.02
55.26,42.3,1,15,Mon,clear,small_truck,3.74,5.08
22.5,13.0,2,11,Sun,clear,large_truck,5.37,3.59
56.04,17.7,2,7,Tue,clear,van,4.98,4.45
55.48,4.9,2,18,Tue,fog,small_truck,8.35,9.06
29.05,35.5,0,2,Thu,clear,van,4.05,3.32
22.26,24.8,0,15,Sat,clear,van,1.39,1.9
60.95,63.5,1,10,Sun,clear,van,3.51,4.67
64.06,8.5,3,8,Thu,rain,small_truck,7.42,7.34
34.53,82.1,3,2,Tue,clear,van,4.36,4.23
33.87,39.8,1,16,Wed,rain,van,6.37,4.63
47.72,38.6,1,4,Wed,clear,small_truck,4.96,4.58
37.46,14.5,3,12,Wed,clear,van,5.52,5.6
22.04,19.2,3,21,Tue,fog,van,1.72,2.76
28.9,16.6,4,17,Fri,rain,van,5.01,3.97
51.26,55.9,5,1,Sun,clear,van,5.94,5.91
29.61,4.1,5,23,Fri,,van,2.21,3.39
65.38,21.5,5,14,Tue,clear,van,5.14,6.09
55.11,22.9,3,19,Fri,clear,large_truck,3.66,4.92
52.1,16.2,2,1,Thu,clear,small_truck,2.92,4.64
47.31,10.6,1,21,Wed,rain,large_truck,4.64,4.9
32.65,2.0,1,17,Mon,fog,small_truck,8.65,6.56
58.19,21.7,6,21,Sat,clear,large_truck,2.36,6.28
32.25,35.4,6,23,Fri,clear,van,1.06,4.73
66.88,24.8,2,20,Tue,clear,van,4.89,5.8
80.66,10.6,0,10,Wed,rain,van,4.45,6.19
47.95,23.1,4,20,Thu,rain,van,1.6,4.93
76.24,64.0,4,23,Thu,fog,small_truck,1.18,6.88
29.08,13.5,3,21,Fri,clear,small_truck,4.3,4.07
55.36,27.7,1,15,Mon,rain,large_truck,4.01,4.8
44.83,30.6,3,22,Thu,clear,van,4.82,5.01
61.38,6.6,3,14,Mon,clear,small_truck,5.37,5.98
17.6,18.4,3,10,Tue,clear,small_truck,4.32,2.71
59.89,18.6,4,4,Mon,clear,van,4.18,5.25
33.97,24.1,2,11,Fri,clear,small_truck,3.6,3.79
45.75,54.6,4,22,Sat,clear,small_truck,3.83,5.5
95.79,8.2,4,2,Sun,rain,van,5.87,8.96
56.12,56.9,5,20,Sat,clear,van,1.23,4.79
53.12,37.3,6,15,Sat,clear,small_truck,3.72,6.56
51.37,83.6,5,3,Mon,rain,small_truck,2.24,6.17
69.74,2.9,2,5,Mon,clear,van,4.63,5.25
62.24,114.5,2,0,Wed,clear,small_truck,4.74,6.52
51.6,6.3,1,17,Wed,clear,van,5.87,4.88
49.01,11.3,2,8,Thu,clear,van,8.01,6.79
47.68,11.4,4,4,Fri,rain,van,4.22,5.17
43.82,36.1,5,3,Mon,clear,van,5.73,5.79
26.28,19.7,3,12,Mon,clear,van,5.08,3.66
55.63,13.0,3,8,Sat,clear,small_truck,8.59,7.69
35.41,73.6,7,21,Fri,clear,large_truck,1.7,5.47
41.64,2.3,5,23,Wed,clear,large_truck,5.93,6.04
63.96,47.6,1,4,Sat,rain,van,4.98,6.66
44.25,22.5,4,20,Fri,clear,small_truck,5.21,4.9
42.83,12.8,1,1,Sat,clear,large_truck,4.76,4.56
48.01,14.2,3,10,Fri,clear,small_truck,5.27,5.51
39.44,18.2,5,13,Thu,clear,van,4.04,4.2
94.92,11.6,2,6,Sun,clear,van,1.07,5.61
89.42,42.5,1,15,Sun,rain,van,3.32,7.09
88.44,16.9,5,13,Sat,clear,large_truck,2.24,6.39
51.44,38.2,2,22,Fri,rain,van,2.56,4.69
34.46,14.4,3,22,Mon,clear,van,2.38,4.1
64.66,27.3,5,19,Sun,clear,small_truck,4.16,5.79
39.57,27.3,2,18,Tue,clear,small_truck,8.47,6.9
66.98,23.9,5,8,Mon,clear,van,8.28,8.73
33.78,58.2,5,20,Thu,fog,small_truck,5.37,6.74
52.95,62.2,2,8,Mon,clear,van,3.4,5.09
70.85,40.9,3,18,Mon,rain,van,7.39,7.64
40.49,50.4,3,11,Thu,clear,small_truck,5.65,5.41
40.43,39.3,2,12,Wed,clear,small_truck,4.87,4.14
23.28,15.9,2,19,Mon,,van,1.58,2.97
34.22,21.1,1,3,Sun,clear,van,5.79,3.87
51.03,2.9,1,20,Tue,clear,large_truck,3.51,4.17
54.18,9.9,4,19,Tue,clear,large_truck,3.87,5.15
57.41,6.3,6,11,Sat,,small_truck,2.41,6.9
19.36,12.7,5,15,Fri,clear,van,5.23,4.94
39.65,29.0,3,6,Wed,clear,van,5.39,4.36
24.51,15.4,4,18,Tue,clear,van,8.09,7.1
49.98,43.9,1,2,Sun,fog,van,2.04,4.78
21.35,10.3,3,17,Mon,clear,small_truck,4.37,3.96
27.65,37.0,9,16,Fri,clear,van,8.09,10.35
61.8,9.5,2,5,Mon,clear,van,5.36,4.92
35.89,55.4,4,19,Mon,clear,small_truck,5.28,4.97
76.5,10.3,5,6,Mon,clear,van,4.9,6.29
58.02,33.1,1,13,Thu,fog,van,1.53,5.27
40.58,13.0,2,20,Wed,clear,small_truck,3.57,4.2
65.77,68.6,6,1,Fri,clear,van,1.58,7.85
42.02,66.7,5,9,Sun,clear,small_truck,6.63,6.55
60.37,32.3,5,15,Mon,clear,van,1.81,4.59
33.51,31.8,5,4,Fri,fog,van,3.4,5.51
67.33,41.6,3,12,Sun,clear,van,4.36,5.9
22.26,36.5,4,15,Mon,rain,small_truck,5.21,4.6
27.63,45.7,3,20,Wed,rain,van,1.4,3.22
29.71,10.1,4,7,Mon,clear,large_truck,8.32,7.19
35.01,23.9,5,19,Mon,fog,large_truck,1.95,5.48
51.77,13.9,4,15,Sun,fog,van,5.72,6.55
45.22,66.0,2,12,Tue,rain,van,3.41,5.47
60.65,7.4,3,14,Tue,clear,van,1.28,4.87
71.25,74.0,2,23,Sun,clear,large_truck,4.95,6.51
21.15,24.3,2,15,Tue,clear,van,1.24,1.45
74.76,46.2,1,10,Tue,fog,van,4.14,6.41
41.64,15.3,2,23,Sat,clear,van,4.98,3.69
87.72,6.8,5,16,Sat,rain,van,6.49,8.69
32.87,64.2,3,6,Thu,rain,van,4.41,5.02
18.38,34.5,6,14,Sat,fog,van,3.86,5.25
58.29,8.1,2,23,Tue,rain,small_truck,1.35,4.51
56.81,21.8,2,16,Sat,rain,van,6.66,6.47
27.95,20.5,1,18,Fri,rain,small_truck,7.84,5.97
29.18,33.6,2,15,Thu,clear,van,2.71,2.89
62.5,10.0,2,20,Wed,clear,van,1.63,3.74
52.79,8.0,2,1,Mon,fog,small_truck,2.28,5.12
39.91,26.5,3,19,Fri,clear,small_truck,4.18,4.19
54.97,10.6,3,21,Sat,rain,small_truck,5.92,6.38
50.66,65.6,2,0,Mon,clear,van,5.06,5.19
30.53,43.1,3,18,Tue,clear,small_truck,7.61,6.32
64.4,42.2,2,12,Sun,clear,small_truck,2.8,4.97
59.34,2.8,2,9,Sun,fog,large_truck,6.93,6.53
45.65,15.9,1,2,Fri,clear,small_truck,3.02,3.81
62.52,18.7,2,7,Thu,clear,van,3.5,5.2
92.27,9.1,4,16,Mon,clear,small_truck,7.32,7.69
29.03,36.6,1,12,Sun,clear,van,3.74,3.15
40.66,33.1,3,1,Thu,clear,van,5.24,4.94
41.5,41.0,1,7,Mon,clear,small_truck,6.83,4.87
61.96,49.7,5,0,Wed,clear,van,3.27,5.9
34.83,47.9,2,8,Sat,rain,van,7.02,5.47
60.55,120.9,1,21,Sun,rain,van,4.96,5.96
36.58,23.3,2,18,Fri,rain,van,5.08,3.99
27.57,20.3,3,22,Mon,clear,small_truck,2.8,3.44
46.76,36.3,2,3,Tue,clear,small_truck,5.52,5.18
36.24,55.9,4,14,Wed,clear,small_truck,4.8,5.76
48.67,4.8,4,7,Sat,rain,large_truck,7.85,7.75
53.44,12.0,1,11,Sat,rain,van,5.39,4.66
21.86,14.6,0,23,Sat,clear,small_truck,4.81,3.48
38.01,25.2,1,19,Tue,rain,van,2.31,3.75
46.78,15.9,1,16,Wed,rain,small_truck,6.96,5.38
62.62,50.2,1,23,Wed,clear,small_truck,3.08,5.16
59.52,28.0,2,11,Sat,clear,large_truck,2.95,5.44
31.65,21.6,5,1,Sat,rain,small_truck,4.9,5.51
42.35,33.3,2,21,Mon,clear,van,2.94,3.67
54.57,3.4,1,2,Fri,clear,small_truck,1.74,4.01
41.13,32.2,4,6,Wed,clear,van,2.74,4.76
32.97,10.9,1,21,Wed,clear,small_truck,5.04,3.69
44.51,44.1,6,21,Thu,rain,van,3.54,6.57
52.48,4.1,4,2,Thu,clear,van,1.06,3.89
30.35,35.0,2,20,Sun,clear,small_truck,4.12,3.55
56.96,11.1,2,17,Thu,clear,van,5.5,5.18
47.91,56.7,1,2,Sat,clear,van,1.54,4.28
57.8,5.3,2,13,Sun,clear,van,2.52,4.51
44.1,24.5,1,6,Sun,,van,4.85,3.65
86.44,39.6,2,12,Fri,clear,van,1.25,5.98
52.07,30.8,2,4,Sun,fog,small_truck,2.04,5.42
60.44,30.6,0,2,Fri,clear,small_truck,2.01,4.62
56.87,7.4,4,15,Wed,fog,small_truck,5.11,6.13
42.12,6.9,4,17,Sat,clear,van,5.25,5.14
50.19,29.8,2,4,Sun,rain,small_truck,3.9,5.31
35.17,26.4,3,14,Wed,clear,large_truck,1.63,3.4
83.85,9.5,1,11,Sun,clear,van,4.96,5.84
54.4,9.0,5,22,Thu,clear,van,2.3,4.32
32.15,21.9,5,13,Tue,clear,van,3.31,4.23
75.97,17.4,4,11,Fri,fog,van,2.66,7.79
43.01,81.7,2,0,Tue,clear,van,4.29,4.92
63.87,59.0,5,21,Wed,clear,small_truck,2.29,5.71
21.6,43.0,1,15,Thu,clear,van,1.0,2.05
70.3,64.1,5,4,Thu,clear,small_truck,3.63,6.53
53.5,13.7,1,0,Mon,,van,5.87,5.65
31.06,15.5,0,4,Tue,clear,van,5.15,2.61
53.12,53.2,4,12,Mon,clear,small_truck,5.96,5.67
80.38,24.4,8,22,Fri,clear,van,3.22,8.01
35.61,25.6,3,14,Sun,clear,van,3.84,4.59
35.41,8.4,3,2,Fri,clear,small_truck,4.99,4.4
41.86,51.6,2,4,Thu,clear,small_truck,2.69,4.62
46.6,36.2,3,5,Sat,rain,small_truck,1.56,4.67
65.56,19.0,4,1,Mon,fog,small_truck,1.84,5.95
54.69,15.6,6,3,Mon,clear,van,5.81,7.79
41.84,57.4,3,2,Sun,clear,van,4.95,4.39
51.06,13.8,3,17,Sun,rain,van,4.67,5.42
85.73,6.0,0,16,Thu,clear,van,7.1,5.87
58.48,59.6,3,18,Mon,clear,van,7.46,6.45
43.68,60.4,1,4,Tue,clear,van,3.35,4.78
41.34,13.8,7,21,Sat,clear,small_truck,1.11,5.4
49.84,92.3,3,8,Tue,clear,small_truck,8.33,8.29
65.24,22.3,2,3,Fri,fog,van,2.45,5.59
33.53,13.9,2,3,Sat,clear,small_truck,2.36,3.67
61.66,35.4,4,7,Wed,clear,small_truck,6.97,6.27
43.32,7.2,3,2,Thu,clear,van,2.33,3.87
45.94,10.5,1,7,Sun,fog,van,7.61,7.2
112.77,29.9,3,15,Sun,clear,van,2.46,6.55
59.16,26.0,3,23,Thu,clear,van,5.03,4.79
36.71,46.0,3,0,Tue,clear,van,3.19,4.17
53.43,8.3,3,13,Mon,rain,small_truck,3.58,5.01
66.55,82.0,0,5,Tue,clear,small_truck,1.18,4.89
59.42,17.1,1,8,Thu,fog,small_truck,4.84,5.05
16.96,25.3,7,15,Sun,clear,van,2.06,4.4
10.38,16.4,6,7,Thu,clear,large_truck,6.53,6.11
45.17,7.1,3,10,Sun,clear,van,1.88,3.15
54.37,23.3,0,7,Sat,clear,van,6.16,5.48
52.62,39.2,4,8,Mon,fog,van,7.29,7.37
37.94,20.6,4,17,Wed,clear,van,8.15,7.23
59.83,11.6,0,7,Fri,rain,small_truck,6.64,5.71
70.43,47.1,3,13,Mon,rain,van,2.84,5.7
22.17,48.4,5,19,Mon,clear,van,5.62,5.38
21.26,19.7,4,14,Wed,clear,small_truck,3.18,3.72
53.25,31.3,4,18,Sun,rain,van,5.4,6.04
61.8,46.9,3,11,Fri,,small_truck,1.38,5.33
35.68,38.9,1,11,Thu,clear,large_truck,1.92,3.83
17.42,30.7,7,0,Thu,rain,van,4.46,5.22
45.47,37.8,2,16,Thu,clear,van,5.63,4.85
52.94,32.9,4,16,Sat,fog,van,6.26,7.01
40.48,24.3,3,12,Wed,clear,small_truck,1.14,3.83
67.22,8.1,2,17,Tue,clear,large_truck,6.66,5.6
51.65,10.1,2,15,Tue,clear,small_truck,4.24,5.14
34.1,34.0,6,4,Thu,rain,small_truck,2.1,5.66
35.56,16.3,3,5,Tue,fog,van,1.02,3.83
45.87,33.1,4,15,Sun,clear,small_truck,5.17,5.61
39.37,7.9,4,2,Fri,clear,small_truck,4.61,4.46
20.66,12.6,5,21,Wed,clear,van,5.96,3.9
49.89,20.6,1,8,Tue,clear,small_truck,4.94,4.56
35.95,2.1,3,14,Thu,clear,small_truck,4.39,4.42
38.48,11.2,3,12,Sun,clear,large_truck,2.29,3.91
28.92,14.1,4,16,Sun,clear,small_truck,6.88,4.99
81.23,27.5,4,8,Thu,clear,small_truck,8.1,9.14
57.76,19.6,4,16,Tue,fog,large_truck,3.93,6.48
89.31,28.6,2,4,Mon,clear,van,3.33,5.94
40.4,25.0,2,7,Fri,clear,small_truck,6.3,5.23
59.07,19.0,8,0,Fri,clear,large_truck,1.77,7.0
50.24,14.1,2,3,Wed,clear,small_truck,4.61,5.47
34.65,25.6,1,1,Sun,fog,large_truck,2.29,4.87
40.23,56.0,3,11,Mon,clear,van,3.65,4.16
57.72,14.1,2,1,Wed,rain,van,4.46,5.18
28.9,79.8,2,5,Sat,clear,van,3.22,4.24
67.49,26.0,5,11,Tue,clear,van,1.67,4.57
48.58,44.4,1,16,Tue,clear,small_truck,3.59,4.51
63.93,31.6,3,0,Sat,clear,van,2.91,4.68
53.02,35.0,1,17,Sun,clear,van,8.34,7.24
22.25,11.1,0,12,Tue,clear,small_truck,5.86,3.38
45.18,16.2,2,0,Wed,clear,small_truck,3.24,3.41
68.07,4.7,2,2,Sun,rain,van,3.08,6.3
48.3,20.2,3,22,Tue,clear,van,4.23,4.41
45.65,37.4,4,10,Mon,clear,small_truck,5.16,5.95
48.28,20.3,3,22,Tue,clear,van,3.89,3.88
19.94,46.1,2,12,Thu,clear,small_truck,4.62,3.51
70.88,17.5,4,3,Sat,,small_truck,1.12,6.1
15.41,13.3,3,17,Thu,rain,small_truck,7.75,6.04
76.77,15.6,2,11,Wed,clear,van,3.69,5.65
39.23,40.0,5,9,Sat,fog,small_truck,5.93,6.6
54.5,68.5,1,5,Tue,clear,van,2.08,4.06
19.16,85.2,2,10,Wed,fog,large_truck,1.68,4.46
61.53,37.1,3,23,Tue,clear,van,2.84,5.19
57.38,44.6,3,5,Mon,clear,van,5.6,5.07
55.99,6.0,1,13,Fri,clear,small_truck,3.8,4.38
18.77,7.8,2,0,Sun,clear,van,3.06,3.04
32.71,11.5,6,16,Tue,clear,van,4.35,5.43
53.13,58.3,7,21,Mon,clear,van,1.31,6.19
70.11,57.7,2,23,Sun,clear,small_truck,4.03,5.92
30.67,98.0,1,19,Mon,clear,van,5.79,4.01
31.03,11.3,5,16,Mon,clear,van,6.85,5.16
51.74,22.2,2,13,Sat,fog,van,2.18,4.81
108.5,4.7,4,20,Tue,fog,small_truck,2.88,10.3
34.91,6.6,5,0,Sun,clear,small_truck,3.55,4.16
39.03,18.9,2,5,Thu,clear,van,4.77,4.92
36.68,11.8,2,1,Fri,clear,van,3.27,3.35
43.36,11.9,4,5,Tue,rain,small_truck,5.63,5.1
72.34,14.6,4,5,Tue,rain,van,4.2,6.88
44.31,62.8,3,10,Sat,rain,large_truck,1.6,5.24
112.9,50.6,3,16,Thu,clear,van,4.35,7.69
47.59,10.0,3,21,Sun,rain,van,3.76,4.68
75.15,49.6,5,14,Sun,clear,van,5.01,6.58
40.24,12.6,3,0,Fri,clear,small_truck,3.67,4.4
26.32,5.9,3,2,Sat,clear,van,5.02,3.6
44.28,14.2,6,10,Sat,clear,van,1.4,5.89
56.33,29.5,2,14,Fri,clear,van,2.64,4.5
32.84,11.1,1,19,Sat,clear,van,1.24,2.69
70.35,36.6,4,8,Mon,clear,van,6.4,6.46
37.42,15.0,2,4,Tue,fog,van,3.84,3.95
28.93,31.1,4,3,Thu,fog,small_truck,5.63,5.57
103.85,9.9,3,14,Mon,clear,van,3.3,6.17
32.11,23.9,0,23,Thu,,van,2.88,2.91
36.96,11.4,3,1,Fri,clear,large_truck,4.4,5.48
60.04,19.4,1,0,Wed,fog,small_truck,4.59,5.16
39.67,80.6,1,0,Sun,clear,large_truck,1.86,4.17
29.38,16.7,4,13,Sun,clear,van,4.5,3.59
35.44,7.6,0,7,Sat,clear,van,7.28,3.96
91.76,25.0,1,19,Fri,clear,van,3.55,5.68
57.13,25.4,1,19,Fri,clear,large_truck,5.91,4.85
61.66,25.2,3,12,Fri,rain,large_truck,4.86,6.43
50.72,35.1,2,0,Mon,rain,small_truck,5.07,6.03
54.21,16.1,4,13,Sun,clear,van,5.11,5.45
38.43,37.6,4,8,Sat,clear,small_truck,6.27,5.79
48.18,23.1,4,20,Wed,clear,large_truck,1.13,5.14
18.02,7.2,1,17,Fri,clear,small_truck,5.04,3.4
66.31,41.4,0,23,Wed,clear,small_truck,4.83,4.18
38.28,26.9,1,8,Sun,clear,small_truck,4.86,4.18
27.32,36.2,9,7,Thu,clear,van,9.71,10.0
49.3,8.0,3,11,Fri,clear,small_truck,1.04,3.67
42.08,43.1,1,19,Tue,clear,van,3.79,3.39
65.36,94.8,3,12,Mon,clear,large_truck,1.42,5.84
44.68,7.5,1,8,Sun,clear,van,7.67,6.01
35.12,47.3,1,21,Fri,rain,small_truck,4.08,4.41
45.12,26.9,1,9,Fri,clear,van,5.72,4.81
78.63,23.3,2,21,Wed,clear,van,1.51,4.62
66.24,43.4,0,15,Fri,clear,small_truck,3.26,4.85
57.07,40.2,0,1,Wed,clear,small_truck,2.75,3.2
67.39,55.6,2,11,Fri,,large_truck,1.94,5.88
58.84,8.3,6,16,Fri,rain,small_truck,4.75,7.78
31.12,57.0,2,21,Tue,rain,van,5.24,4.26
61.86,30.8,2,13,Sun,rain,van,2.64,4.96
70.61,4.8,3,0,Sun,rain,van,1.5,5.0
72.22,16.9,2,8,Sat,rain,van,3.99,5.16
28.31,27.4,1,23,Mon,clear,van,4.31,3.0
37.0,16.6,2,11,Mon,rain,van,2.85,3.86
34.72,21.1,3,9,Sat,clear,large_truck,4.16,4.25
40.08,14.7,5,21,Tue,fog,van,1.27,5.1
54.69,127.9,2,10,Sun,clear,small_truck,1.3,4.96
48.79,38.0,1,18,Wed,clear,small_truck,7.65,6.97
48.8,24.9,1,0,Tue,clear,small_truck,5.25,4.41
25.07,9.7,7,13,Fri,rain,small_truck,5.23,6.42
36.43,55.7,3,0,Fri,clear,large_truck,3.73,4.13
74.37,34.6,6,4,Fri,rain,small_truck,2.96,7.94
70.49,10.6,1,13,Sat,clear,van,2.59,4.69
44.37,10.7,1,14,Thu,clear,van,4.73,3.68
61.93,21.6,2,2,Wed,,small_truck,5.04,5.81
52.71,25.1,1,11,Thu,clear,van,5.69,4.92
64.66,37.4,0,9,Fri,clear,small_truck,8.1,7.22
63.02,22.7,3,10,Sat,rain,van,4.52,5.57
45.82,39.6,2,19,Thu,clear,small_truck,1.96,3.59
57.21,16.6,2,22,Mon,clear,van,5.81,5.97
54.11,22.7,3,1,Wed,clear,van,1.61,4.06
46.32,57.1,5,23,Fri,clear,large_truck,2.4,4.75
42.32,40.9,1,1,Sat,rain,van,5.16,4.01
86.56,23.8,3,22,Sat,clear,van,3.58,5.67
46.34,30.0,5,14,Sat,clear,small_truck,2.22,4.83
60.4,22.8,3,17,Tue,rain,van,5.79,6.03
83.84,6.7,7,5,Mon,rain,van,4.85,8.74
57.17,70.5,3,14,Tue,clear,small_truck,2.37,5.44
56.15,11.3,0,14,Mon,clear,van,3.5,3.87
46.45,17.6,1,7,Fri,clear,van,5.75,4.41
54.5,113.8,3,12,Tue,clear,small_truck,2.99,6.24
40.87,9.3,1,22,Tue,clear,van,2.06,3.53
119.02,21.8,3,2,Thu,clear,van,4.54,7.69
25.33,59.6,2,10,Thu,rain,small_truck,2.57,3.67
43.39,80.9,3,8,Fri,clear,large_truck,7.01,6.56
57.55,34.2,0,4,Sun,clear,van,5.02,4.74
56.17,56.0,1,11,Mon,clear,van,1.71,4.37
40.84,20.1,1,2,Mon,rain,large_truck,4.31,4.84
21.36,1.2,1,2,Sat,clear,small_truck,2.65,2.77
27.15,52.6,1,20,Sun,rain,large_truck,3.44,3.38
50.17,23.4,5,7,Wed,clear,van,8.02,8.02
18.55,18.3,5,7,Tue,clear,large_truck,8.33,6.73
59.17,17.0,2,15,Wed,rain,small_truck,5.3,6.0
72.88,39.1,2,18,Thu,clear,van,8.49,7.8
63.37,38.8,5,20,Mon,clear,small_truck,1.25,5.28
68.39,23.9,1,15,Mon,clear,van,3.1,4.71
18.88,33.0,1,6,Mon,rain,van,5.01,2.99
41.51,9.2,4,6,Fri,clear,small_truck,5.06,4.84
30.09,20.3,3,16,Thu,clear,van,6.16,4.8
22.97,9.6,3,20,Sun,clear,large_truck,2.43,3.16
37.98,9.3,3,22,Thu,rain,large_truck,3.74,4.75
83.0,30.8,10,20,Wed,rain,large_truck,4.73,10.06
92.23,24.9,3,15,Wed,rain,van,4.46,8.06
31.77,16.6,7,4,Sun,clear,small_truck,2.25,5.28
47.68,19.5,3,9,Tue,clear,large_truck,3.15,4.56
54.19,32.7,1,2,Sat,rain,van,5.43,5.29
41.63,39.7,1,10,Sun,clear,small_truck,3.23,3.31
74.99,35.2,2,14,Sun,clear,van,5.16,5.29
38.22,4.6,2,16,Mon,rain,small_truck,8.78,7.79
35.58,2.0,6,5,Fri,rain,small_truck,5.69,6.7
32.49,12.2,4,16,Sat,fog,large_truck,5.97,5.71
41.51,2.0,4,7,Fri,clear,van,6.36,5.46
12.62,65.1,2,16,Sat,clear,small_truck,6.06,3.56
42.33,19.0,3,22,Sun,clear,van,1.82,3.69
48.87,7.1,2,6,Sun,rain,small_truck,3.18,4.44
15.72,18.8,3,4,Sat,rain,large_truck,3.15,3.19
50.12,3.5,3,23,Tue,clear,small_truck,1.95,3.66
29.31,7.3,4,11,Sat,clear,large_truck,2.87,4.47
49.73,17.7,2,5,Fri,rain,small_truck,3.18,4.46
49.31,15.4,3,7,Tue,clear,small_truck,8.82,8.0
49.76,17.6,3,11,Fri,clear,large_truck,5.29,5.44
63.86,33.4,2,8,Tue,fog,van,8.31,9.46
8.93,46.7,0,21,Sat,clear,small_truck,5.03,3.23
28.78,26.1,6,8,Fri,rain,small_truck,4.41,5.75
41.84,48.5,4,11,Fri,fog,small_truck,3.79,5.12
20.72,15.7,3,6,Tue,rain,van,2.29,3.52
61.48,53.1,3,16,Tue,clear,van,5.73,6.42
30.74,26.4,2,18,Thu,clear,van,7.58,7.22
67.81,44.0,2,13,Wed,clear,large_truck,5.73,6.57
68.78,16.0,4,19,Sat,fog,van,2.78,6.19
43.53,25.5,2,6,Sun,clear,small_truck,3.89,4.08
42.6,88.1,7,12,Fri,clear,van,1.54,5.26
24.35,25.4,2,17,Sat,rain,small_truck,7.89,6.14
47.05,46.5,3,21,Sun,clear,van,2.19,3.81
63.64,50.5,1,7,Sat,rain,small_truck,7.25,6.94
52.26,37.2,3,3,Wed,clear,small_truck,2.63,5.06
78.66,42.0,3,18,Tue,clear,small_truck,4.73,7.24
39.83,16.0,3,12,Tue,clear,van,4.7,5.6
39.81,11.9,2,1,Wed,clear,small_truck,4.1,4.15
31.63,9.7,5,19,Tue,clear,small_truck,5.09,4.51
99.3,32.3,6,11,Fri,clear,van,5.73,8.65
24.25,24.8,3,14,Sun,clear,van,3.05,3.11
61.79,30.7,2,8,Tue,clear,small_truck,7.21,7.07
64.17,8.2,2,23,Thu,clear,large_truck,2.55,3.71
63.06,13.6,3,10,Sun,rain,small_truck,3.16,6.2
32.77,45.6,3,14,Sun,clear,large_truck,5.18,4.5
26.14,27.8,3,12,Mon,rain,van,5.49,4.25
43.52,26.6,4,23,Wed,rain,van,2.88,3.71
58.22,20.2,4,14,Wed,rain,small_truck,5.01,6.57
35.86,12.5,5,2,Wed,clear,van,4.83,5.02
41.02,54.3,3,20,Sun,rain,small_truck,1.93,4.17
36.12,60.5,3,1,Sat,clear,small_truck,4.13,5.09
48.36,25.6,6,12,Mon,clear,van,3.48,6.33
47.07,21.9,3,8,Fri,clear,van,3.76,4.23
84.37,63.5,2,11,Fri,fog,van,3.74,6.77
58.74,13.9,4,20,Thu,rain,van,5.9,6.17
26.73,16.9,6,2,Sat,clear,van,4.9,5.87
27.67,44.1,4,1,Thu,clear,van,2.0,3.33
62.23,16.6,6,21,Fri,clear,van,2.11,6.5
46.86,24.5,4,6,Thu,clear,van,2.6,4.06
96.83,2.7,3,10,Sun,clear,small_truck,1.09,5.78
96.71,61.5,1,23,Sat,clear,small_truck,1.37,5.72
31.56,41.5,5,17,Mon,rain,van,7.66,7.62
52.59,51.7,2,15,Tue,clear,small_truck,3.73,5.2
27.82,10.9,7,0,Wed,clear,small_truck,4.48,6.35
61.81,70.6,0,9,Mon,clear,small_truck,7.95,7.74
89.34,22.8,5,12,Mon,rain,large_truck,1.37,6.55
49.63,54.8,3,1,Mon,rain,small_truck,5.73,6.31
39.25,31.7,3,15,Sun,rain,small_truck,5.85,5.24
54.77,42.9,6,18,Thu,clear,large_truck,3.75,6.7
66.95,33.5,5,8,Sat,clear,small_truck,5.01,6.41
67.13,16.5,3,22,Sat,,van,5.1,5.8
39.43,5.4,1,22,Tue,clear,small_truck,4.04,3.55
328.4229955901684,57.7,2,17,Fri,clear,van,8.64,7.41
51.44,1.3,2,7,Fri,clear,small_truck,6.1,5.19
40.52,46.2,3,2,Sun,clear,small_truck,4.98,5.16
75.0,57.7,4,16,Sun,clear,small_truck,6.25,7.46
40.32,6.9,6,12,Fri,clear,van,3.78,4.66
48.17,17.3,6,17,Fri,clear,small_truck,5.81,6.63
54.21,6.1,2,9,Thu,clear,small_truck,7.81,7.15
24.64,14.5,1,3,Fri,clear,van,3.05,2.73
36.74,51.2,4,21,Fri,rain,large_truck,2.1,4.48
95.04,42.5,4,23,Sun,clear,van,5.19,6.98
65.8,38.6,5,18,Sun,clear,small_truck,5.95,6.91
40.1,17.4,2,0,Tue,clear,van,2.5,3.77
61.91,1.6,5,19,Mon,clear,small_truck,1.43,4.91
74.5,7.9,1,23,Tue,rain,large_truck,4.38,5.69
42.69,20.2,6,9,Thu,clear,small_truck,5.84,6.95
64.53,9.6,2,12,Tue,rain,van,5.79,6.26
60.85,46.6,2,0,Wed,clear,large_truck,4.71,6.06
28.01,72.1,1,14,Thu,rain,van,5.51,4.13
42.78,31.5,3,18,Sun,rain,small_truck,4.38,6.52
85.29,6.8,1,4,Thu,clear,van,4.2,5.55
93.9,59.2,2,15,Tue,clear,small_truck,5.4,6.77
66.02,26.6,3,6,Wed,clear,small_truck,5.81,6.97
36.22,23.9,1,3,Mon,fog,small_truck,4.25,4.76
16.33,36.3,2,0,Mon,clear,van,5.74,3.78
34.18,8.2,8,18,Fri,clear,van,4.81,6.26
26.37,17.6,8,5,Tue,clear,van,1.2,5.39
87.89,22.7,2,3,Fri,clear,large_truck,3.33,6.19
20.49,29.5,6,23,Mon,rain,large_truck,2.59,4.49
28.35,31.8,5,17,Wed,rain,small_truck,8.75,7.93
51.01,36.3,2,6,Fri,clear,small_truck,1.08,4.46
46.73,14.9,5,17,Thu,fog,van,5.85,6.31
83.55,4.3,3,11,Fri,fog,large_truck,2.75,6.9
59.32,20.0,4,0,Fri,rain,van,4.56,5.89
44.07,22.1,1,6,Wed,clear,van,1.01,3.66
75.57,4.0,2,18,Wed,rain,van,7.39,7.51
39.62,14.2,2,17,Wed,clear,van,8.1,6.24
86.35,27.5,3,9,Wed,clear,small_truck,6.61,6.66
32.23,16.1,2,23,Sat,fog,van,1.54,3.62
11.6,26.7,1,12,Mon,clear,van,1.25,1.82
46.03,15.5,0,0,Thu,clear,small_truck,2.29,3.24
17.5,38.2,1,23,Sat,rain,small_truck,1.67,2.71
67.41,10.4,3,0,Wed,clear,van,3.51,5.39
49.84,24.1,5,22,Wed,clear,van,3.05,4.52
86.45,25.1,4,1,Fri,clear,small_truck,1.96,5.54
42.14,45.3,1,9,Fri,rain,small_truck,7.89,6.95
24.48,18.4,2,1,Thu,clear,van,4.0,2.73
56.25,71.4,4,17,Wed,clear,small_truck,6.9,6.76
37.2,69.6,2,7,Mon,rain,van,7.94,7.44
63.49,11.0,4,12,Tue,rain,van,5.32,6.66
32.52,23.6,3,4,Thu,clear,small_truck,4.37,3.78
80.05,7.5,3,19,Fri,clear,large_truck,1.66,5.54
48.15,34.3,5,11,Tue,rain,small_truck,2.92,5.56
44.14,15.9,2,7,Wed,clear,van,6.6,4.28
77.86,26.3,3,0,Tue,fog,large_truck,1.93,7.09
67.82,19.6,3,11,Tue,clear,van,5.7,5.94
34.43,124.8,3,17,Sun,rain,large_truck,5.94,6.23
67.02,21.5,3,2,Sun,rain,small_truck,4.86,5.78
61.43,20.0,3,12,Sun,clear,small_truck,5.76,5.72
45.17,47.4,2,22,Sun,clear,van,2.37,3.28
64.82,52.2,3,20,Wed,clear,van,3.28,5.46
79.91,29.3,0,21,Sat,clear,van,2.24,5.1
45.73,53.2,3,21,Tue,clear,van,5.11,5.01
45.79,111.3,2,6,Fri,clear,van,4.98,5.9
44.76,18.8,3,3,Tue,clear,van,5.47,4.55
33.85,8.4,0,13,Fri,clear,small_truck,1.31,2.46
45.53,32.3,7,17,Wed,clear,large_truck,8.18,10.58
43.46,49.8,2,9,Wed,rain,van,5.93,6.27
42.42,67.5,4,5,Mon,clear,small_truck,3.12,4.82
42.15,36.7,4,3,Tue,clear,van,5.45,6.01
28.32,24.6,2,12,Thu,clear,small_truck,5.34,4.07
70.59,12.5,3,1,Fri,clear,small_truck,4.5,5.32
36.72,57.9,1,16,Sat,clear,small_truck,5.55,5.34
81.75,30.4,2,19,Sat,clear,van,2.3,5.42
30.95,4.4,2,19,Thu,clear,van,1.78,2.84
89.39,88.0,2,6,Thu,clear,van,2.28,6.57
40.43,8.9,4,2,Thu,clear,large_truck,4.87,5.46
67.35,50.5,3,12,Sun,clear,van,2.67,5.04
49.64,28.6,3,17,Sat,rain,small_truck,4.64,5.81
26.63,4.8,4,21,Wed,clear,van,2.24,3.23
27.25,22.4,1,2,Thu,clear,van,1.25,2.29
35.43,18.8,4,0,Wed,clear,van,2.7,3.63
39.47,6.1,2,3,Thu,rain,van,1.47,3.13
387.8264332715078,34.2,4,13,Wed,clear,van,3.81,4.82
54.0,45.6,4,3,Sat,clear,van,1.92,4.79
43.84,23.7,1,22,Fri,rain,van,2.36,4.39
52.82,18.4,3,8,Tue,clear,van,6.12,5.71
56.34,36.1,1,19,Mon,clear,small_truck,2.91,4.27
43.04,0.9,2,7,Sun,rain,van,5.36,4.59
61.02,16.8,2,5,Wed,fog,van,5.78,6.11
66.55,17.8,2,2,Tue,rain,van,1.29,5.05
56.93,24.3,2,4,Sat,fog,small_truck,5.4,6.15
58.25,5.7,3,18,Thu,clear,van,8.89,7.98
50.92,3.1,3,18,Thu,clear,small_truck,8.36,8.15
73.1,9.7,2,16,Fri,,van,8.97,8.95
46.76,33.8,1,1,Wed,clear,van,5.05,4.17
35.7,17.6,1,7,Thu,rain,van,4.32,4.24
47.33,9.7,2,14,Fri,clear,van,1.9,3.94
26.83,79.0,2,22,Fri,,van,4.01,3.82
25.44,18.4,2,5,Sun,fog,van,3.68,4.3
66.68,24.4,1,4,Wed,clear,large_truck,4.6,4.76
82.3,57.3,5,20,Thu,clear,small_truck,1.59,6.73
40.95,27.2,4,11,Sat,fog,large_truck,2.43,5.18
66.94,35.8,2,9,Sat,clear,large_truck,6.78,6.0
20.97,12.0,2,9,Sun,rain,van,7.34,4.32
19.38,25.4,5,9,Tue,clear,small_truck,5.82,5.41
73.94,72.3,5,11,Sun,clear,van,1.74,7.0
57.0,32.6,6,19,Thu,clear,small_truck,5.29,6.79
46.84,29.2,3,16,Tue,clear,small_truck,7.25,5.79
87.82,19.9,2,2,Wed,clear,small_truck,1.73,5.45
44.16,7.4,5,3,Wed,rain,small_truck,4.75,5.49
29.97,53.1,5,14,Sun,clear,van,1.71,4.69
23.91,22.9,3,20,Mon,clear,large_truck,3.26,3.59
47.32,13.5,4,23,Tue,clear,van,3.33,4.18
50.87,6.6,4,21,Sat,clear,van,3.01,4.31
43.06,30.4,1,15,Sun,clear,van,2.71,3.58
67.55,8.6,1,5,Mon,clear,small_truck,3.34,5.01
78.64,53.5,5,1,Wed,fog,van,4.56,8.16
40.77,14.2,0,17,Wed,fog,large_truck,5.4,5.17
20.95,25.9,6,21,Thu,clear,small_truck,3.9,5.57
52.95,32.1,2,9,Sat,clear,small_truck,5.27,5.01
73.69,29.5,4,3,Thu,clear,van,5.86,6.45
40.84,45.7,3,17,Mon,clear,van,7.83,7.41
58.25,15.4,3,8,Tue,rain,small_truck,8.76,8.42
29.04,24.5,2,15,Sat,clear,van,3.16,3.38
52.43,37.3,4,4,Tue,clear,van,2.28,5.11
58.68,67.7,2,8,Thu,clear,small_truck,3.86,5.35
53.03,43.4,7,17,Wed,clear,small_truck,8.54,11.58
97.3,49.3,5,20,Thu,clear,large_truck,4.49,7.41
81.89,18.8,3,6,Sat,clear,small_truck,5.11,6.48
62.51,32.6,6,19,Tue,fog,van,4.4,8.2
70.87,61.2,7,6,Fri,clear,large_truck,1.19,7.35
52.28,23.6,0,17,Sat,clear,large_truck,5.74,4.73
46.0,32.7,0,9,Sun,clear,van,4.82,3.48
39.05,5.1,4,16,Thu,rain,van,6.63,5.92
28.77,39.9,1,6,Mon,clear,van,4.34,3.0
83.45,29.0,2,1,Fri,clear,small_truck,3.83,5.37
98.89,38.0,6,18,Sat,clear,van,6.42,9.34
47.78,19.2,2,0,Mon,rain,van,2.05,4.1
48.12,3.8,0,12,Tue,clear,van,3.48,3.59
59.67,41.2,4,1,Wed,clear,small_truck,2.18,4.63
44.25,13.4,0,13,Thu,clear,van,3.56,3.6
30.34,5.7,4,2,Thu,rain,small_truck,2.48,4.28
26.49,27.5,3,3,Tue,,small_truck,2.09,3.27
97.43,73.6,1,23,Tue,clear,small_truck,5.7,7.3
22.29,11.7,2,21,Sun,clear,van,2.34,3.15
53.84,13.9,6,10,Sat,clear,van,4.13,5.73
23.56,42.7,3,8,Thu,clear,van,7.38,4.97
45.14,20.7,3,16,Wed,clear,van,5.92,5.03
40.68,41.1,0,9,Thu,clear,van,7.34,4.88
25.23,19.8,2,3,Sun,rain,van,4.04,3.5
60.51,17.3,1,5,Wed,clear,van,5.25,4.28
29.44,12.2,2,14,Wed,clear,small_truck,1.13,2.85
23.78,30.9,5,23,Thu,clear,van,1.37,3.28
63.21,12.2,5,15,Tue,clear,large_truck,3.77,5.79
40.75,16.4,4,14,Mon,fog,van,3.0,5.37
34.07,52.9,4,18,Sun,rain,van,4.6,4.42
64.79,95.1,1,1,Fri,rain,small_truck,2.76,6.29
28.8,33.9,3,14,Wed,fog,large_truck,4.25,5.53
21.21,54.3,4,4,Thu,clear,van,5.27,5.11
76.49,18.1,5,10,Thu,clear,small_truck,1.91,6.46
91.71,20.2,2,11,Mon,clear,small_truck,2.46,5.9
44.65,28.5,1,17,Sat,,van,5.06,5.1
11.11,13.6,2,4,Mon,clear,small_truck,5.98,2.77
44.41,17.1,1,22,Thu,clear,van,1.1,3.2
66.3,40.1,1,14,Wed,rain,van,1.79,5.54
73.34,25.0,3,8,Thu,clear,van,6.2,5.71
30.2,21.9,1,7,Thu,rain,van,5.82,3.8
41.58,21.0,6,2,Thu,rain,small_truck,4.4,6.48
52.13,9.8,2,8,Tue,clear,van,4.68,3.88
64.74,27.7,2,2,Mon,rain,van,3.57,6.22
61.95,13.6,4,18,Mon,clear,van,4.59,5.67
57.94,5.0,3,19,Sat,fog,small_truck,4.16,6.12
73.26,8.5,1,12,Mon,clear,small_truck,1.59,4.91
45.97,21.4,2,23,Thu,clear,small_truck,1.99,3.78
83.77,37.8,3,2,Wed,clear,large_truck,5.15,6.94
37.23,45.1,1,21,Fri,rain,large_truck,5.5,4.57
62.35,6.7,3,8,Fri,rain,van,5.74,5.12
39.48,35.2,5,18,Tue,,van,6.05,5.48
44.92,76.6,4,21,Fri,rain,small_truck,4.38,6.5
47.84,46.7,3,3,Fri,clear,van,4.8,5.69
38.55,26.9,4,20,Tue,rain,van,3.68,4.63
74.57,28.6,2,23,Sat,clear,large_truck,3.89,5.65
40.27,26.3,3,18,Thu,fog,van,8.57,7.39
46.83,16.1,3,3,Mon,rain,van,3.73,5.2
59.39,48.3,3,20,Fri,rain,small_truck,3.69,6.02
114.83,10.6,2,6,Thu,clear,small_truck,2.42,6.57
60.27,28.0,2,2,Wed,fog,large_truck,5.19,5.81
48.52,4.9,5,15,Thu,clear,large_truck,3.21,4.29
19.63,51.3,4,2,Sun,clear,van,3.76,3.93
44.43,27.1,7,13,Wed,clear,small_truck,4.16,5.8
35.74,6.2,4,0,Fri,fog,van,3.7,4.9
41.35,63.4,0,17,Sat,fog,large_truck,5.92,5.82
39.14,22.7,5,3,Fri,clear,van,3.43,3.99
59.15,7.7,2,16,Sun,rain,van,3.58,5.04
44.04,81.2,2,19,Thu,clear,large_truck,5.11,5.03
32.22,19.8,3,2,Tue,clear,small_truck,1.4,3.83
67.43,12.4,3,0,Thu,clear,van,5.94,7.14
27.52,29.0,2,21,Mon,clear,van,5.85,4.06
47.62,8.6,1,11,Wed,clear,van,5.41,4.9
44.56,16.1,4,12,Tue,clear,small_truck,1.38,4.53
54.48,58.4,5,5,Mon,clear,small_truck,1.13,5.07
73.58,20.2,5,11,Tue,clear,van,4.09,6.27
122.3,33.7,6,19,Sat,clear,small_truck,1.83,8.23
48.51,60.2,2,20,Sun,rain,van,5.7,5.69
35.5,19.7,3,19,Sun,clear,large_truck,4.29,4.33
34.08,11.9,0,6,Mon,clear,small_truck,5.3,4.21
34.02,38.3,4,18,Sun,rain,large_truck,8.36,7.77
53.67,7.4,3,10,Wed,clear,van,5.69,4.72
17.64,10.8,2,9,Wed,rain,large_truck,5.48,3.51
26.81,6.0,2,7,Tue,clear,large_truck,8.58,6.98
53.69,57.3,3,22,Sun,,small_truck,1.35,4.61
68.8,25.6,5,4,Sun,clear,large_truck,4.89,5.85
68.96,39.4,2,21,Fri,rain,small_truck,4.75,6.69
49.44,11.4,1,21,Mon,clear,large_truck,2.06,3.34
65.19,32.7,1,15,Wed,fog,small_truck,2.91,5.68
74.1,33.6,2,0,Tue,clear,large_truck,4.15,5.77
40.02,81.0,3,14,Sun,clear,van,3.49,4.24
71.02,37.0,0,2,Fri,clear,van,4.52,4.35
22.94,45.0,3,8,Sun,rain,small_truck,4.53,4.6
26.48,27.2,3,1,Sat,clear,small_truck,3.04,3.9
41.02,1.1,2,17,Thu,clear,van,7.7,6.47
21.66,30.6,5,11,Tue,rain,van,1.04,3.68
59.54,21.2,2,22,Sat,rain,van,4.25,4.67
37.57,20.4,6,16,Fri,rain,large_truck,7.36,7.75
44.76,16.7,3,7,Sat,rain,small_truck,7.95,7.84
9.95,20.4,2,18,Sun,clear,van,9.4,6.3
45.44,14.2,6,6,Fri,clear,van,4.45,6.2
40.59,42.1,2,6,Fri,clear,large_truck,3.69,4.88
33.93,9.9,2,6,Wed,clear,van,3.65,3.49
58.38,73.9,2,17,Thu,clear,small_truck,6.39,6.15
37.24,39.6,6,23,Mon,clear,large_truck,4.89,5.91
45.19,50.1,2,20,Tue,rain,large_truck,2.67,5.18
54.7,10.6,5,12,Sun,clear,van,2.21,4.45
73.85,15.7,3,0,Tue,rain,small_truck,3.21,5.87
71.47,26.4,4,23,Mon,clear,large_truck,2.66,5.61
38.62,24.5,0,9,Sat,fog,van,8.88,6.75
33.19,39.6,1,14,Mon,clear,small_truck,2.38,3.39
79.97,24.5,6,10,Thu,clear,small_truck,3.01,7.57
37.15,76.6,3,7,Wed,clear,van,4.36,4.32
57.42,10.8,6,7,Wed,clear,van,5.94,6.98
21.15,8.9,5,14,Wed,clear,van,2.53,3.7
17.42,15.1,2,10,Mon,rain,van,4.13,2.21
48.49,20.5,6,3,Tue,rain,van,5.03,7.57
42.69,53.1,3,9,Fri,clear,van,8.41,7.42
63.39,32.1,1,10,Mon,clear,small_truck,2.51,4.22
34.09,1.5,4,15,Tue,clear,large_truck,3.83,4.36
53.03,1.7,3,10,Sun,clear,large_truck,2.91,4.35
62.02,22.0,2,4,Fri,clear,large_truck,4.25,5.26
34.67,17.2,3,13,Thu,clear,small_truck,5.36,4.22
41.0,22.5,3,20,Thu,clear,van,5.2,5.08
28.72,20.5,2,9,Sun,clear,van,8.6,7.59
64.32,69.2,2,15,Mon,clear,small_truck,3.01,5.63
58.68,47.7,1,10,Sun,clear,large_truck,5.06,5.47
60.47,15.8,2,7,Thu,rain,van,5.61,5.52
42.62,24.2,9,21,Thu,clear,small_truck,1.51,6.45
58.28,19.2,5,23,Tue,clear,large_truck,3.94,5.44
12.45,2.9,3,4,Wed,clear,small_truck,3.98,3.21
44.18,16.4,1,14,Thu,clear,small_truck,4.8,4.02
85.55,16.6,0,22,Tue,clear,large_truck,5.2,5.44
46.9,13.7,1,12,Wed,rain,small_truck,5.48,4.83
69.78,16.0,3,12,Sun,rain,van,4.51,5.72
42.71,19.5,4,23,Sat,fog,large_truck,4.13,6.28
78.08,34.0,1,15,Fri,clear,small_truck,1.08,4.65
33.15,14.6,3,20,Wed,clear,van,1.57,3.27
55.75,58.6,2,2,Sat,,large_truck,1.7,4.56
35.9,10.7,2,14,Sun,clear,van,2.3,2.82
52.1,51.9,2,3,Sun,clear,large_truck,5.47,5.82
37.23,30.2,2,4,Fri,clear,small_truck,4.63,4.24
46.83,8.1,3,17,Tue,clear,van,7.12,6.33
39.48,19.1,2,20,Wed,rain,large_truck,1.62,4.53
61.12,71.0,1,21,Sun,clear,van,4.28,5.18
56.7,10.9,2,18,Mon,clear,large_truck,6.98,5.99
35.37,72.3,2,12,Sat,clear,small_truck,2.54,4.07
34.95,34.7,6,10,Thu,clear,small_truck,2.22,4.93
31.95,30.6,1,4,Thu,clear,large_truck,4.43,3.4
29.32,33.3,0,18,Tue,clear,van,5.28,3.11
62.8,18.7,5,19,Sun,rain,small_truck,3.91,6.79
31.19,11.3,3,3,Tue,rain,small_truck,5.88,4.87
53.88,25.0,0,22,Fri,clear,van,1.12,3.76
38.08,31.4,2,7,Thu,rain,van,5.78,5.18
68.96,35.9,4,16,Wed,clear,small_truck,6.96,6.83
94.05,34.9,2,3,Tue,rain,van,1.35,7.49
10.86,41.5,6,4,Tue,,van,4.54,5.75
32.97,91.2,2,14,Fri,clear,small_truck,1.4,4.2
37.82,29.4,3,9,Sat,clear,van,5.36,3.95
43.22,56.5,2,0,Tue,fog,van,3.74,4.45
42.13,36.8,3,22,Sat,fog,van,5.08,5.81
26.32,97.6,1,21,Fri,clear,van,2.83,3.33
94.86,26.4,5,4,Tue,clear,small_truck,1.28,6.38
42.77,24.2,5,15,Wed,rain,van,2.74,4.0
56.59,54.1,2,4,Wed,clear,large_truck,1.37,4.57
57.3,54.2,3,17,Thu,clear,van,5.47,6.05
23.75,19.9,5,16,Mon,fog,van,6.22,4.98
40.41,35.9,3,17,Sun,clear,small_truck,7.43,5.22
62.8,41.8,1,13,Thu,clear,van,5.47,5.17
80.13,40.1,4,0,Fri,clear,small_truck,4.52,6.57
40.77,33.3,2,4,Fri,clear,van,5.21,4.34
25.69,4.5,5,23,Wed,clear,large_truck,3.67,3.59
36.49,40.5,5,14,Sat,rain,van,5.78,5.81
40.04,41.9,2,8,Wed,rain,van,7.52,6.86
39.42,34.3,4,22,Mon,clear,small_truck,4.29,4.87
31.96,18.2,4,10,Thu,rain,van,2.17,3.54
24.49,66.3,4,20,Mon,clear,large_truck,4.81,5.38
28.6,11.1,1,19,Sat,clear,large_truck,5.38,4.2
36.62,54.8,2,0,Mon,clear,small_truck,3.39,4.03
62.37,11.0,2,22,Tue,clear,van,2.82,4.61
72.0,50.3,0,21,Sun,clear,small_truck,2.82,5.61
48.93,11.5,3,23,Tue,clear,van,4.76,5.17
28.95,48.3,4,15,Thu,fog,van,5.75,5.95
37.5,76.3,2,16,Sun,clear,van,5.2,5.01
17.8,76.5,3,6,Tue,clear,van,1.53,3.1
80.77,65.5,1,3,Wed,fog,van,1.21,6.89
35.08,26.2,1,2,Mon,clear,small_truck,5.16,4.74
54.67,15.8,3,4,Sat,clear,small_truck,2.55,4.79
69.93,23.1,2,23,Mon,clear,van,5.12,5.18
89.92,52.0,4,6,Sun,clear,van,1.58,6.21
65.16,40.1,0,0,Sat,clear,small_truck,1.2,4.61
39.32,103.5,2,16,Wed,clear,small_truck,4.93,5.26
57.65,17.1,4,4,Thu,clear,van,2.58,5.06
88.53,79.8,4,12,Thu,clear,small_truck,5.99,7.53
34.94,24.6,3,16,Sat,clear,large_truck,4.85,4.56
23.95,11.0,1,13,Wed,clear,van,4.71,3.32
32.07,32.5,5,18,Tue,clear,small_truck,9.04,8.14
56.09,39.4,4,0,Mon,clear,large_truck,4.91,5.66
39.74,61.5,2,6,Thu,clear,large_truck,5.87,4.3
45.04,17.1,2,9,Thu,rain,van,3.98,3.38
59.92,32.5,1,17,Fri,fog,van,6.87,6.56
31.77,26.6,4,13,Sat,clear,small_truck,3.61,4.3
44.13,19.9,5,18,Tue,clear,van,7.53,7.43
37.23,74.4,2,17,Tue,rain,van,7.37,5.84
87.05,39.8,2,19,Wed,clear,van,4.89,6.94
64.33,2.5,3,14,Tue,clear,small_truck,2.93,4.69
39.85,32.9,0,18,Mon,clear,van,8.34,6.56
38.92,5.8,1,16,Sat,clear,van,9.12,7.39
91.15,30.5,1,0,Fri,clear,small_truck,1.99,5.18
88.04,6.9,4,6,Sat,rain,van,1.16,7.05
55.93,39.9,1,21,Fri,clear,van,2.56,4.62
45.9,5.7,0,2,Sat,clear,large_truck,5.32,4.16
26.53,11.5,2,13,Thu,clear,small_truck,3.32,2.31
32.19,46.4,1,18,Sun,clear,van,4.75,4.44
25.65,26.2,4,10,Thu,clear,van,5.55,5.13
71.08,7.5,1,4,Mon,clear,small_truck,1.21,4.15
26.71,71.3,4,0,Tue,clear,small_truck,5.03,5.63
38.72,18.9,2,15,Thu,rain,large_truck,5.0,4.2
19.38,21.6,1,14,Sat,rain,van,3.6,3.1
22.89,23.1,4,16,Tue,rain,small_truck,6.16,4.77
61.04,42.2,4,3,Sat,clear,van,3.17,4.75
52.45,20.1,4,11,Sun,rain,large_truck,2.77,5.33
46.59,23.9,4,13,Tue,clear,van,1.71,4.18
39.02,57.4,5,20,Thu,clear,van,3.98,4.54
21.58,52.6,1,4,Sun,fog,small_truck,1.98,3.68
36.84,22.7,3,16,Wed,clear,small_truck,8.11,6.81
43.03,23.4,2,16,Wed,clear,small_truck,6.26,4.82
59.35,1.4,5,14,Thu,clear,van,1.58,5.25
69.47,30.1,5,2,Thu,clear,large_truck,4.07,6.08
61.82,47.6,6,2,Wed,clear,small_truck,2.9,5.81
52.32,19.3,2,14,Thu,,small_truck,1.93,4.03
46.29,64.3,2,14,Tue,clear,large_truck,2.49,4.7
50.21,5.0,3,15,Sat,clear,van,2.28,3.95
35.81,12.3,3,18,Fri,clear,small_truck,7.79,7.16
47.93,60.9,2,9,Tue,clear,van,4.38,4.96
42.93,46.3,3,7,Sat,clear,van,5.15,4.69
106.28,4.7,3,22,Tue,clear,van,5.09,7.3
50.74,5.8,5,16,Thu,fog,van,5.54,6.54
17.12,40.3,1,12,Sun,rain,van,2.52,3.0
38.15,34.6,5,13,Fri,clear,van,3.17,4.46
40.98,21.3,3,18,Sun,clear,small_truck,8.64,7.58
65.22,62.8,4,7,Fri,fog,van,6.72,7.98
53.38,15.1,3,10,Sat,clear,small_truck,1.44,4.14
52.28,2.7,2,1,Thu,rain,van,3.3,4.76
77.1,42.2,2,19,Tue,rain,van,4.78,6.79
88.21,49.0,1,12,Tue,clear,van,1.2,5.6
61.0,15.9,2,21,Fri,clear,small_truck,1.2,4.57
39.37,9.3,6,7,Tue,clear,small_truck,8.18,8.83
39.87,2.9,3,9,Thu,clear,large_truck,7.23,5.82
8.44,25.9,6,1,Thu,rain,small_truck,1.82,3.79
73.03,33.3,5,23,Mon,clear,large_truck,4.35,7.05
39.82,51.5,3,8,Sat,rain,van,5.03,4.62
375.671151045656,34.8,5,3,Mon,clear,small_truck,3.22,5.6
37.8,16.9,1,14,Wed,clear,small_truck,5.1,3.19
28.73,30.1,4,20,Sat,rain,small_truck,1.89,4.11
102.75,53.3,0,2,Mon,clear,large_truck,3.95,6.52
45.13,33.0,3,12,Mon,clear,small_truck,2.85,4.59
81.62,48.1,3,11,Sat,rain,van,5.47,8.0
40.05,9.8,3,3,Tue,clear,small_truck,4.23,4.42
35.07,41.1,2,6,Sun,clear,van,2.8,4.07
58.9,34.9,0,15,Tue,clear,van,3.45,4.88
69.35,20.0,2,23,Tue,clear,small_truck,3.63,4.95
71.18,54.0,3,3,Fri,rain,van,5.92,7.16
42.79,90.4,5,15,Sun,clear,small_truck,4.73,6.42
61.4,4.5,8,21,Sat,clear,van,4.57,7.24
36.69,20.8,2,18,Fri,clear,large_truck,8.22,6.8
47.68,24.5,3,19,Tue,rain,van,1.77,4.66
41.08,25.9,3,21,Mon,clear,van,3.34,4.18
38.5,15.4,4,15,Sat,clear,van,5.81,5.12
48.5,5.5,2,0,Mon,clear,small_truck,5.26,4.46
28.4,21.6,4,5,Tue,clear,van,2.02,3.61
67.02,24.6,5,9,Thu,clear,van,5.57,6.26
38.57,20.2,4,23,Wed,clear,van,1.94,3.69
65.73,25.0,4,5,Sun,rain,van,4.5,6.77
30.99,30.7,1,20,Tue,clear,large_truck,4.09,3.64
38.51,22.3,2,15,Fri,clear,small_truck,3.91,3.75
28.36,15.2,3,17,Thu,clear,small_truck,7.98,6.15
27.9,25.2,3,2,Tue,clear,van,1.5,3.18
32.76,32.4,0,8,Sun,clear,small_truck,9.5,6.7
31.2,26.9,5,11,Sat,clear,small_truck,3.42,4.68
28.47,94.4,2,11,Sat,clear,van,1.14,3.15
46.35,34.1,1,21,Thu,rain,large_truck,5.57,4.65
58.43,26.0,6,8,Tue,rain,van,9.63,10.98
59.67,13.4,6,20,Fri,clear,van,5.72,7.21
20.84,13.7,3,20,Sun,clear,small_truck,5.17,4.29
40.97,20.2,1,15,Tue,fog,small_truck,2.39,4.66
39.29,20.7,3,7,Fri,clear,small_truck,4.93,4.41
77.67,20.1,4,2,Sun,rain,large_truck,2.64,6.68
41.63,35.2,4,5,Thu,clear,small_truck,2.13,3.45
44.76,52.8,2,14,Mon,clear,large_truck,5.54,5.93
24.19,42.3,4,5,Sun,clear,small_truck,3.67,4.56
32.39,38.9,4,21,Mon,clear,small_truck,2.33,4.42
23.54,12.1,2,9,Sat,clear,small_truck,8.69,6.06
47.57,58.2,1,6,Thu,clear,van,4.14,4.3
78.69,13.2,1,14,Sat,clear,van,2.9,4.87
32.87,31.8,1,3,Fri,clear,small_truck,5.57,4.83
41.76,37.3,7,19,Tue,rain,van,3.78,6.91
31.28,59.3,4,13,Mon,clear,large_truck,4.14,4.81
35.47,83.4,2,22,Mon,clear,van,1.16,4.05
47.98,19.6,5,20,Tue,fog,van,4.15,5.52
93.7,29.9,4,1,Sun,clear,van,3.06,5.89
77.09,55.7,3,21,Mon,,van,4.74,6.23
86.32,88.1,3,1,Fri,clear,van,1.22,5.66
65.97,21.3,3,19,Wed,rain,van,2.93,4.89
41.54,12.7,1,8,Sat,clear,small_truck,3.61,3.78
39.2,7.5,3,8,Fri,clear,van,8.14,6.79
32.95,4.7,4,19,Sat,clear,van,3.1,3.37
13.65,14.6,3,6,Sat,clear,van,1.7,2.4
41.26,48.4,4,21,Sun,clear,van,4.72,5.15
79.15,50.4,1,0,Sat,,large_truck,5.41,6.25
78.78,34.1,2,4,Wed,clear,large_truck,4.88,6.31
108.03,20.5,7,8,Sun,clear,van,7.81,12.48
49.44,35.3,1,6,Wed,clear,van,5.23,5.29
26.52,27.2,3,20,Fri,clear,van,5.95,4.87
56.87,21.3,2,21,Tue,clear,small_truck,2.82,4.56
94.13,33.0,0,10,Sat,clear,van,2.74,5.18
83.42,19.8,3,13,Mon,clear,small_truck,1.56,5.31
37.34,32.9,8,8,Sun,clear,van,7.93,9.66
27.61,36.7,1,9,Thu,clear,small_truck,8.07,5.96
27.28,43.2,1,8,Sat,clear,van,4.91,3.96
33.84,5.8,5,5,Thu,rain,van,4.08,4.38
36.01,58.7,4,16,Mon,fog,van,4.76,5.46
40.25,24.6,2,2,Mon,clear,small_truck,5.31,5.02
59.93,84.0,0,6,Sun,rain,small_truck,1.03,5.26
39.68,48.6,3,2,Fri,clear,small_truck,4.48,4.79
46.8,13.0,3,10,Mon,clear,van,3.71,4.29
22.82,39.4,4,16,Wed,clear,small_truck,5.28,4.42
32.97,55.9,2,12,Fri,clear,van,5.62,4.89
32.33,22.1,3,17,Thu,rain,small_truck,6.92,5.43
21.12,12.2,4,13,Mon,clear,small_truck,3.62,3.56
39.27,10.4,1,8,Thu,rain,van,3.66,3.35
22.89,7.3,2,21,Tue,clear,small_truck,3.06,3.27
38.12,3.1,1,14,Wed,clear,large_truck,1.8,3.5
48.29,25.0,2,0,Fri,clear,large_truck,3.77,4.01
79.7,10.9,1,3,Fri,clear,van,3.89,5.14
31.63,15.9,4,16,Mon,clear,large_truck,6.09,5.23
47.74,85.3,2,0,Thu,clear,van,5.72,5.33
34.83,36.8,1,4,Tue,clear,van,2.51,4.08
22.33,12.7,3,2,Thu,rain,small_truck,4.27,4.46
80.08,111.6,4,19,Sat,clear,van,5.9,7.07
49.19,32.7,2,2,Wed,clear,van,5.02,4.65
55.68,105.2,4,4,Fri,clear,large_truck,4.73,6.88
85.45,72.1,0,23,Mon,clear,van,1.3,5.27
38.04,33.5,4,2,Thu,clear,small_truck,3.62,4.84
25.93,24.8,6,5,Sat,clear,small_truck,4.77,5.35
31.44,48.0,2,19,Fri,clear,van,4.3,3.36
24.9,31.4,2,3,Sun,clear,large_truck,3.84,4.06
70.96,18.5,2,5,Sat,clear,large_truck,5.61,5.88
95.65,17.6,5,19,Mon,fog,van,3.8,10.74
48.07,53.3,2,0,Mon,clear,van,5.19,5.34
60.62,12.7,2,8,Wed,fog,van,9.1,8.57
67.1,52.8,3,6,Sat,clear,large_truck,4.93,6.51
87.82,27.8,3,4,Sat,clear,van,1.75,5.64
93.98,6.0,2,9,Sat,clear,van,8.07,8.97
18.91,55.7,0,5,Fri,rain,small_truck,4.94,3.27
35.25,12.9,3,18,Fri,,small_truck,7.51,7.11
45.85,14.5,2,3,Wed,clear,small_truck,2.86,4.44
33.45,22.9,3,9,Fri,clear,van,5.99,4.92
40.68,25.9,5,1,Fri,clear,small_truck,4.25,5.44
54.21,33.7,2,2,Mon,clear,small_truck,4.65,6.25
15.35,53.8,3,16,Sun,clear,small_truck,7.91,6.27
53.61,52.5,7,10,Sat,clear,small_truck,2.71,7.33
66.21,17.2,4,10,Tue,clear,van,2.45,5.19
46.27,17.6,2,6,Wed,clear,van,4.71,4.24
14.31,49.9,2,3,Fri,fog,van,5.89,4.05
39.27,11.0,2,21,Tue,clear,van,2.45,3.84
52.05,27.7,1,19,Sat,clear,van,2.37,3.77
68.14,68.6,4,11,Thu,rain,van,5.47,6.33
64.14,19.3,5,0,Mon,clear,van,2.32,5.54
43.69,7.2,5,21,Fri,clear,small_truck,3.08,4.69
34.28,13.0,4,10,Sun,,small_truck,5.96,5.02
44.54,13.7,3,4,Wed,clear,small_truck,5.0,4.27
20.22,12.0,1,3,Sun,clear,van,2.25,2.63
35.7,22.1,3,23,Sat,rain,van,5.76,5.42
73.28,103.9,3,0,Sat,rain,van,5.22,7.02
44.48,38.6,9,8,Wed,clear,small_truck,8.1,11.15
52.96,23.8,2,13,Thu,clear,small_truck,3.02,5.32
24.44,25.4,7,7,Tue,clear,van,6.98,6.87
67.95,15.3,2,3,Fri,fog,van,2.91,5.96
42.77,25.3,5,15,Sun,rain,van,3.21,4.97
52.22,66.6,3,1,Fri,clear,van,4.36,5.08
56.88,28.4,0,23,Sun,clear,van,3.07,4.07
66.93,52.3,7,11,Tue,fog,small_truck,3.1,8.26
48.97,47.6,0,17,Fri,clear,van,7.57,6.52
43.18,100.8,3,20,Wed,rain,large_truck,1.54,5.26
26.84,47.0,1,18,Thu,clear,van,8.04,5.56
23.44,96.2,1,11,Mon,clear,van,5.13,4.09
48.57,55.0,1,1,Wed,clear,large_truck,3.41,5.72
52.36,33.7,4,1,Wed,clear,van,4.78,4.77
55.9,14.2,2,8,Thu,clear,small_truck,8.29,8.19
31.72,52.1,1,7,Sat,rain,van,7.33,5.48
35.84,55.2,1,21,Fri,clear,van,4.62,4.36
48.21,56.2,3,10,Sun,fog,large_truck,1.42,5.32
37.74,1.2,1,23,Tue,clear,van,5.78,4.35
111.82,18.9,2,6,Wed,rain,van,1.83,9.28
35.52,38.3,6,23,Thu,clear,van,5.0,6.52
53.83,20.1,2,8,Fri,rain,van,6.99,6.08
63.35,17.5,4,23,Sat,rain,van,4.22,6.02
64.94,15.2,2,12,Fri,rain,small_truck,3.98,5.41
37.46,6.2,2,0,Sun,clear,van,3.08,3.58
57.0,36.8,2,22,Thu,clear,small_truck,5.76,5.74
54.13,16.5,4,4,Thu,fog,small_truck,2.55,5.76
58.0,19.3,4,19,Fri,clear,small_truck,2.16,4.86
47.95,23.8,5,19,Tue,clear,large_truck,5.47,5.88
63.54,41.2,4,4,Tue,clear,small_truck,2.47,6.13
50.29,33.0,4,13,Wed,rain,van,1.54,4.95
25.44,31.9,2,18,Mon,rain,van,3.8,3.8
49.68,2.5,4,22,Wed,rain,small_truck,2.79,4.01
52.07,53.0,2,9,Wed,clear,van,8.57,8.19
61.72,80.6,1,9,Fri,clear,van,8.28,8.29
48.59,31.3,4,19,Sun,rain,small_truck,1.63,5.17
88.7,10.7,2,11,Thu,clear,van,3.68,6.02
43.81,17.9,2,14,Sun,clear,van,4.11,3.79
36.65,11.1,1,2,Fri,fog,van,5.04,4.36
77.18,74.3,1,16,Fri,fog,van,7.0,8.78
43.32,19.3,1,8,Sat,clear,van,5.88,3.87
46.75,32.3,3,8,Fri,,large_truck,8.38,7.4
52.08,23.1,4,21,Sun,,van,2.3,4.9
50.31,39.8,1,17,Fri,rain,small_truck,8.42,7.77
57.81,13.4,4,13,Wed,clear,van,2.05,5.29
60.25,31.4,3,13,Thu,fog,van,3.59,6.23
35.28,19.4,5,20,Fri,rain,van,1.55,4.67
27.83,57.9,2,14,Wed,rain,van,5.46,3.77
29.27,2.9,3,5,Sat,clear,small_truck,3.45,3.32
73.69,21.2,2,13,Mon,clear,van,5.42,5.51
41.84,54.2,1,15,Sat,clear,van,5.12,5.13
63.12,49.9,4,1,Mon,clear,small_truck,1.95,5.41
60.91,6.7,4,3,Tue,clear,van,1.29,4.54
46.75,46.2,6,11,Sun,rain,van,5.58,7.31
31.52,12.3,1,13,Sat,clear,van,3.81,3.21
61.51,15.7,4,1,Sat,clear,van,5.26,6.49
46.1,52.1,3,10,Sun,clear,van,4.45,5.72
27.06,20.8,4,4,Fri,rain,van,4.85,4.92
37.87,6.2,4,16,Mon,rain,van,6.11,5.68
22.6,9.7,2,11,Sat,clear,van,4.67,3.19
38.62,28.0,1,2,Tue,clear,van,5.59,4.43
47.74,20.3,4,9,Fri,clear,small_truck,8.21,7.07
44.1,20.0,2,22,Sun,clear,van,5.66,4.49
41.94,39.4,1,1,Fri,rain,van,2.21,3.39
47.54,34.4,8,9,Mon,rain,large_truck,8.92,12.09
56.4,21.4,2,3,Sat,rain,small_truck,3.65,5.19
65.16,50.5,4,21,Sat,rain,van,1.3,6.04
68.73,39.6,3,11,Mon,clear,small_truck,4.23,6.07
33.61,32.9,4,15,Sun,clear,large_truck,4.14,5.2
71.48,17.8,4,23,Tue,clear,small_truck,5.95,6.19
46.13,56.0,5,1,Mon,clear,small_truck,4.25,4.84
40.04,19.8,1,11,Thu,clear,small_truck,1.65,4.2
29.65,21.3,1,1,Fri,clear,large_truck,5.96,4.07
13.76,75.5,2,18,Mon,clear,van,5.19,3.84
54.81,12.9,2,14,Tue,clear,small_truck,4.49,5.24
53.96,12.8,2,10,Fri,rain,van,3.99,4.85
36.44,21.9,5,6,Mon,clear,van,2.78,3.82
36.89,10.6,6,4,Sat,clear,van,3.03,6.12
43.43,10.8,2,21,Tue,clear,small_truck,4.27,4.06
39.75,74.0,4,0,Sat,clear,van,5.36,6.18
32.97,21.6,4,3,Sat,fog,small_truck,5.73,5.65
28.25,33.7,3,9,Wed,clear,large_truck,8.5,7.67
71.8,7.4,2,9,Sat,rain,van,4.75,6.39
37.79,12.0,5,22,Tue,fog,van,1.94,4.53
53.84,80.9,3,7,Thu,rain,van,4.04,6.14
58.1,10.7,5,7,Sun,clear,small_truck,8.75,9.51
54.92,34.5,1,5,Sun,clear,van,1.49,4.52
59.38,1.0,2,8,Sun,clear,small_truck,7.71,7.84
54.67,6.8,2,6,Tue,rain,small_truck,5.79,5.9
35.0,21.4,4,16,Wed,fog,van,7.02,5.9
40.68,49.4,2,19,Mon,clear,small_truck,1.04,3.52
71.02,26.8,2,17,Sun,clear,van,4.61,6.13
37.34,22.9,3,19,Sat,,van,4.55,4.11
46.15,41.9,2,14,Sun,clear,large_truck,2.99,4.39
56.5,31.1,5,16,Mon,fog,van,6.4,7.31
81.44,5.1,2,8,Wed,clear,van,4.14,4.98
68.44,25.5,3,23,Sat,clear,van,5.49,5.75
30.98,18.1,0,22,Wed,clear,small_truck,5.53,3.42
53.14,22.2,5,1,Wed,clear,small_truck,4.01,4.86
50.68,17.7,5,8,Sun,clear,van,6.71,5.57
40.82,25.8,4,16,Thu,clear,van,6.36,5.34
46.7,35.4,1,7,Sat,clear,small_truck,5.35,5.13
34.86,8.3,5,12,Sat,clear,van,5.7,4.92
43.11,14.8,2,20,Fri,clear,van,3.45,3.51
37.48,40.9,3,21,Sat,clear,large_truck,1.54,3.88
48.14,44.6,4,22,Sun,rain,small_truck,4.96,6.06
40.21,67.1,3,15,Thu,clear,van,5.86,5.76
83.98,27.2,3,22,Sun,clear,van,2.41,6.08
48.78,14.1,7,15,Mon,clear,van,4.44,6.54
45.03,15.0,1,12,Mon,rain,small_truck,5.98,5.65
42.18,26.6,0,4,Wed,clear,van,1.57,2.99
40.25,11.9,4,20,Thu,clear,small_truck,5.06,4.42
27.07,64.0,1,6,Wed,rain,van,3.49,3.69
63.06,17.6,0,4,Sun,clear,van,4.35,5.02
77.23,58.0,2,18,Mon,clear,small_truck,5.35,6.7
37.24,10.6,0,21,Mon,clear,small_truck,2.09,3.51
70.87,22.3,4,23,Fri,rain,small_truck,3.78,6.42
111.35,19.7,4,18,Mon,rain,van,6.12,10.26
94.24,7.2,3,23,Tue,clear,van,3.98,6.2
75.83,21.0,1,9,Sun,clear,van,4.11,4.9
28.51,31.0,6,2,Sat,clear,van,4.91,5.73
28.37,2.6,2,5,Sat,clear,van,2.37,2.9
59.26,37.7,2,3,Wed,clear,small_truck,4.69,5.11
46.34,32.9,2,18,Tue,clear,small_truck,4.37,4.89
18.36,25.3,2,10,Wed,rain,large_truck,5.0,4.05
39.0,43.2,3,10,Tue,fog,small_truck,1.07,5.17
58.21,45.3,0,22,Tue,clear,small_truck,1.85,3.88
43.37,127.7,2,23,Sat,clear,van,2.69,4.75
46.43,6.8,3,3,Tue,clear,small_truck,4.9,4.08
28.35,70.4,3,20,Tue,clear,van,1.16,3.26
38.8,51.1,2,15,Tue,clear,van,4.7,4.72
59.36,32.9,2,18,Tue,clear,van,4.65,5.42
38.03,10.7,3,22,Sun,clear,van,5.98,4.98
73.17,18.6,2,8,Sun,clear,small_truck,5.82,6.54
46.86,16.5,1,19,Tue,clear,van,1.73,3.75
54.73,23.4,2,17,Sat,rain,small_truck,7.95,8.02
58.82,42.0,6,15,Tue,clear,large_truck,2.38,6.92
57.89,61.6,6,18,Wed,rain,small_truck,6.31,8.06
30.61,84.0,1,18,Sun,clear,van,7.35,4.44
32.87,18.7,2,9,Fri,clear,small_truck,8.33,6.59
18.21,29.2,3,22,Sat,clear,van,2.1,2.91
40.62,12.6,2,2,Thu,rain,van,2.05,3.92
31.85,52.8,4,4,Fri,clear,van,2.36,3.76
37.56,34.5,4,17,Tue,clear,van,6.55,5.15
42.32,21.7,3,11,Sat,clear,van,4.73,4.9
49.31,6.4,3,7,Sun,fog,van,6.15,5.55
43.63,29.5,5,12,Tue,fog,van,5.4,6.15
43.31,31.8,2,3,Thu,clear,small_truck,4.49,4.31
53.0,4.5,6,0,Tue,clear,large_truck,4.07,5.84
45.61,8.4,2,1,Fri,clear,small_truck,3.6,4.02
64.91,29.0,4,21,Thu,clear,van,3.06,4.98
45.67,79.2,2,7,Wed,clear,small_truck,5.97,5.41
81.64,56.6,4,21,Wed,fog,small_truck,1.87,7.62
30.1,22.2,1,12,Thu,clear,van,2.35,2.17
40.33,19.7,4,7,Tue,clear,van,7.6,7.58
35.12,14.4,2,0,Wed,rain,van,5.15,5.61
50.08,13.2,3,2,Mon,clear,van,1.02,3.56
30.09,20.8,0,13,Thu,clear,small_truck,2.12,2.67
65.3,95.1,5,14,Fri,clear,van,5.04,6.5
24.54,19.6,2,21,Fri,clear,van,3.93,2.95
32.46,25.8,2,4,Tue,clear,small_truck,1.36,4.15
25.27,9.0,6,14,Sat,clear,small_truck,5.04,5.44
42.55,38.8,4,2,Wed,fog,small_truck,4.77,6.19
49.26,25.5,2,12,Sat,rain,van,2.41,4.97
22.99,18.6,4,4,Sat,clear,small_truck,4.72,4.59
39.32,11.1,2,5,Mon,rain,van,5.43,5.11
68.37,13.7,1,9,Mon,clear,small_truck,7.59,7.02
76.24,17.6,5,10,Thu,clear,large_truck,4.72,7.1
61.23,18.6,0,2,Sat,clear,small_truck,1.24,3.84
15.14,11.0,4,14,Wed,clear,van,3.83,4.03
47.49,23.7,3,9,Fri,clear,large_truck,8.51,7.6
71.56,30.0,4,20,Fri,rain,van,3.31,5.83
37.73,43.7,6,14,Sat,rain,small_truck,3.02,6.11
27.26,76.3,0,21,Sun,clear,small_truck,3.81,3.94
69.4,4.4,4,0,Thu,clear,van,4.37,4.89
73.48,33.4,5,10,Sat,clear,van,5.08,6.37
45.48,20.3,3,20,Fri,,small_truck,5.08,5.29
27.37,3.1,1,4,Wed,clear,van,4.52,3.59
21.76,15.3,2,5,Thu,clear,van,5.92,3.57
52.09,40.6,2,16,Sat,rain,small_truck,6.3,6.45
35.24,36.9,3,0,Sun,clear,small_truck,3.22,3.88
44.34,28.0,3,22,Mon,rain,large_truck,2.65,5.01
42.46,14.0,2,22,Wed,clear,large_truck,1.62,3.31
31.75,63.2,5,22,Mon,fog,large_truck,2.11,5.19
21.25,9.8,2,18,Tue,rain,van,4.55,3.05
38.13,18.9,3,23,Tue,clear,van,3.53,4.64
48.23,21.6,2,23,Sun,clear,small_truck,5.99,5.52
49.13,24.1,4,6,Wed,clear,large_truck,4.88,5.58
34.33,106.9,4,3,Sun,clear,small_truck,5.44,6.13
72.88,72.1,3,20,Thu,clear,small_truck,1.91,5.53
28.51,36.1,1,10,Mon,clear,small_truck,1.12,3.27
13.49,25.6,3,1,Wed,clear,van,1.01,2.54
66.21,25.4,1,10,Sat,rain,small_truck,3.51,5.68
47.62,42.7,1,0,Fri,clear,van,1.59,3.83
38.27,55.2,3,13,Wed,clear,small_truck,1.95,4.16
54.78,9.6,3,16,Mon,clear,van,4.29,4.08
41.45,76.8,7,1,Sat,clear,van,4.57,6.55
24.4,34.8,6,2,Thu,clear,van,5.77,6.6
27.65,16.5,5,21,Sat,clear,small_truck,1.61,3.69
40.37,23.0,2,9,Tue,clear,small_truck,3.76,3.85
281.3557366457129,36.2,6,1,Tue,rain,small_truck,2.65,5.88
65.6,37.4,4,0,Wed,clear,large_truck,4.19,5.47
35.57,11.1,1,9,Tue,clear,van,6.11,3.92
34.68,24.6,8,2,Thu,fog,van,2.39,6.28
32.86,30.0,1,3,Thu,clear,van,1.58,3.26
31.72,55.8,1,5,Mon,rain,van,3.29,4.03
32.15,59.9,5,16,Thu,rain,small_truck,4.92,6.13
25.93,8.6,1,13,Wed,clear,small_truck,4.14,3.0
48.42,26.6,6,18,Thu,fog,van,8.91,10.74
42.84,15.8,1,7,Sat,clear,small_truck,8.42,6.71
42.13,35.6,5,1,Thu,rain,small_truck,2.61,4.88
22.31,103.4,4,13,Tue,clear,van,5.13,5.02
52.91,51.4,1,23,Sun,clear,large_truck,3.53,4.71
55.01,37.9,3,15,Sat,clear,van,2.34,4.67
80.03,45.5,4,5,Sun,clear,van,1.48,5.78
53.83,68.7,2,0,Tue,clear,van,3.23,5.2
86.57,48.3,5,1,Fri,clear,van,5.34,7.28
34.0,10.0,5,20,Sat,clear,van,5.74,5.03
81.79,80.6,4,6,Sun,clear,van,3.31,7.28
54.52,28.6,1,1,Tue,clear,van,4.87,4.0
51.81,34.6,6,8,Tue,clear,small_truck,4.39,6.72
41.7,59.8,4,20,Sun,clear,van,4.72,5.11
38.2,100.1,4,10,Thu,clear,van,1.11,4.56
35.05,18.8,2,23,Tue,clear,small_truck,3.09,3.94
82.93,57.6,4,12,Tue,clear,small_truck,4.85,6.64
41.17,17.9,4,21,Sun,clear,small_truck,2.83,4.12
54.91,32.5,3,4,Sun,rain,small_truck,1.52,5.31
59.67,7.2,5,13,Tue,,large_truck,5.86,6.27
59.33,18.0,1,11,Thu,clear,van,2.49,3.79
48.5,31.4,1,18,Fri,clear,small_truck,4.75,4.88
81.17,39.3,3,3,Thu,clear,van,3.04,6.08
53.2,37.8,2,4,Wed,clear,large_truck,4.48,5.25
34.69,52.7,3,5,Fri,clear,van,2.92,4.24
38.92,20.1,2,22,Mon,rain,large_truck,5.5,5.31
22.85,24.9,5,21,Tue,clear,large_truck,2.07,3.89
50.59,25.8,1,0,Mon,rain,van,3.89,4.78
56.73,21.3,2,10,Sun,clear,van,1.53,3.66
58.68,12.9,2,13,Tue,rain,van,1.59,4.57
54.52,28.7,2,21,Sun,rain,van,1.98,5.07
41.76,47.0,3,11,Wed,clear,van,2.09,5.0
44.91,34.1,1,18,Mon,clear,small_truck,6.79,5.14
44.96,19.3,3,19,Fri,rain,van,5.24,4.83
65.69,29.1,5,12,Wed,clear,van,5.33,6.11
19.11,18.4,2,17,Thu,clear,van,6.43,3.31
37.16,40.0,2,1,Sun,rain,van,3.03,4.44
29.22,48.0,5,7,Fri,clear,van,6.25,5.33
94.35,48.8,1,20,Mon,rain,small_truck,2.47,7.66
70.85,23.0,5,3,Mon,clear,van,3.26,5.7
37.79,18.7,6,12,Sat,rain,small_truck,4.14,6.46
24.8,52.7,4,19,Fri,clear,small_truck,3.78,4.3
27.68,21.6,1,12,Thu,clear,large_truck,4.81,3.57
65.34,28.8,2,23,Sat,fog,van,1.64,6.13
22.56,33.8,1,20,Tue,clear,van,1.56,2.82
45.2,27.1,2,2,Tue,rain,van,5.95,4.95
61.09,44.0,5,12,Wed,clear,van,2.58,5.43
26.56,8.0,4,17,Sat,clear,large_truck,9.21,6.69
45.0,37.5,6,17,Sun,rain,small_truck,5.36,7.23
38.05,14.5,4,12,Tue,clear,large_truck,1.32,5.18
36.05,19.9,4,9,Fri,fog,large_truck,6.78,6.66
33.6,30.8,2,7,Thu,rain,van,5.97,4.66
63.1,6.2,2,8,Sun,clear,van,8.78,7.95
76.84,23.9,2,0,Sat,rain,van,3.16,6.19
40.44,21.0,3,20,Tue,fog,small_truck,3.2,5.16
51.9,24.9,5,17,Fri,fog,small_truck,6.38,7.05
45.42,20.1,4,6,Mon,rain,van,1.56,3.63
20.2,28.9,3,3,Thu,clear,large_truck,4.12,3.77
39.8,17.8,6,12,Tue,rain,small_truck,1.77,5.39
18.5,26.3,3,20,Wed,clear,large_truck,4.2,3.8
36.76,30.8,4,23,Wed,clear,van,3.0,3.88
44.51,54.0,3,6,Thu,rain,small_truck,5.27,5.91
59.15,62.0,6,10,Sat,clear,small_truck,3.6,7.78
50.05,8.7,2,14,Thu,clear,van,5.44,5.09
63.75,56.8,5,14,Sun,,van,1.13,5.31
31.39,12.8,4,6,Sun,clear,van,4.63,4.85
72.91,26.5,3,19,Tue,rain,van,3.79,6.57
76.87,6.6,2,16,Sat,clear,small_truck,5.29,6.15
18.09,3.8,4,19,Tue,clear,large_truck,1.53,2.96
22.0,99.5,4,2,Mon,clear,large_truck,4.69,5.04
44.09,27.0,1,16,Tue,clear,van,5.5,4.64
35.65,22.8,4,8,Wed,clear,small_truck,5.01,5.64
37.91,33.4,2,18,Tue,clear,van,8.14,7.42
49.87,23.2,3,12,Fri,clear,van,2.45,4.51
64.76,47.6,3,12,Fri,fog,small_truck,2.5,6.47
30.71,32.1,7,14,Fri,clear,large_truck,1.41,5.7
69.04,42.5,1,5,Sun,fog,large_truck,3.11,6.7
33.35,14.6,2,13,Tue,clear,van,5.57,4.74
99.61,7.5,0,21,Sun,clear,small_truck,5.3,5.83
73.12,51.3,2,1,Sat,rain,van,2.66,5.96
34.75,34.4,2,4,Mon,clear,small_truck,2.53,4.03
25.03,10.0,1,0,Fri,clear,van,5.33,3.99
34.42,10.2,6,11,Tue,clear,van,4.7,6.43
32.5,29.4,4,5,Mon,clear,large_truck,2.02,3.54
56.24,40.3,6,14,Fri,clear,van,5.49,6.81
18.29,12.8,0,0,Mon,clear,large_truck,5.56,3.32
22.12,70.9,2,2,Tue,clear,van,2.7,2.98
55.61,43.9,6,5,Fri,clear,small_truck,5.46,7.92
31.93,53.8,3,15,Mon,clear,large_truck,4.32,4.74
36.96,28.9,1,1,Sat,,van,5.38,4.9
60.98,27.1,1,12,Mon,clear,van,2.93,4.34
65.91,9.2,3,12,Wed,clear,small_truck,2.99,5.22
71.71,14.7,5,7,Tue,clear,van,7.04,6.44
58.95,24.7,3,2,Tue,fog,van,2.32,5.24
41.2,35.0,6,17,Thu,clear,van,6.92,6.58
39.82,30.8,1,9,Tue,clear,van,7.38,4.23
37.96,4.5,2,14,Tue,fog,van,1.94,4.36
26.6,12.2,2,18,Wed,clear,van,9.14,6.61
30.19,32.2,1,0,Thu,clear,van,1.52,3.39
67.95,35.7,1,18,Fri,rain,large_truck,7.53,8.45
33.25,19.8,4,2,Mon,clear,van,3.69,4.56
26.67,41.4,1,13,Tue,clear,van,3.41,3.67
70.21,41.0,6,2,Mon,clear,small_truck,5.29,7.69
23.61,95.2,3,0,Sat,fog,small_truck,3.27,4.78
48.66,27.3,1,9,Thu,fog,van,6.34,5.86
16.27,19.2,3,12,Tue,clear,van,1.79,3.2
83.66,12.8,1,7,Thu,clear,van,8.04,8.13
80.03,8.2,1,6,Sat,clear,large_truck,5.17,6.05
27.66,39.8,3,4,Sat,fog,large_truck,3.55,4.06
42.93,36.8,2,13,Sun,clear,van,2.41,3.55
29.26,9.2,5,9,Tue,clear,van,7.87,6.69
29.15,40.0,4,21,Tue,fog,small_truck,4.23,5.17
37.52,30.0,4,10,Sat,rain,small_truck,3.72,4.59
56.9,21.5,3,14,Sun,clear,van,4.96,5.25
57.03,4.1,3,22,Tue,clear,large_truck,2.67,4.71
54.23,36.5,2,22,Fri,rain,small_truck,4.68,5.54
41.15,77.3,5,11,Fri,clear,small_truck,2.75,5.49
58.25,14.3,1,5,Sun,,small_truck,2.29,5.28
26.51,30.0,5,9,Tue,clear,small_truck,6.1,5.02
48.97,38.6,4,6,Wed,clear,small_truck,5.42,5.77
45.08,2.3,3,11,Fri,fog,small_truck,5.03,6.14
40.15,12.4,2,3,Sun,fog,small_truck,2.04,4.35
49.73,7.0,2,9,Sat,,large_truck,4.57,4.24
17.55,77.0,2,1,Thu,rain,small_truck,1.77,2.92
29.5,2.2,4,23,Wed,clear,van,2.54,3.36
55.08,21.4,5,0,Tue,rain,van,4.05,5.35
44.61,32.5,3,21,Wed,clear,van,4.33,3.65
23.01,14.2,5,22,Sun,fog,van,1.57,3.63
44.2,2.8,4,23,Tue,rain,small_truck,3.27,4.94
35.8,22.1,5,10,Sun,rain,small_truck,3.6,5.44
68.63,14.0,2,18,Tue,clear,van,5.5,5.48
27.33,35.1,3,22,Mon,clear,small_truck,4.65,4.31
27.74,44.4,4,20,Sat,clear,van,3.98,4.4
52.26,9.2,3,20,Thu,clear,large_truck,4.65,5.16
41.82,15.2,4,11,Sat,rain,small_truck,4.49,4.87
41.0,15.9,4,17,Sun,clear,van,7.86,8.08
99.85,43.9,3,5,Tue,clear,large_truck,4.37,6.9
57.68,27.6,2,22,Thu,clear,van,5.0,5.2
38.91,9.6,8,11,Tue,rain,van,3.55,5.95
21.76,53.7,2,6,Thu,clear,van,2.19,3.2
38.02,14.1,0,7,Tue,rain,van,4.07,3.86
26.15,17.4,3,20,Tue,clear,small_truck,3.45,3.55
30.29,11.7,2,4,Thu,clear,large_truck,4.99,3.64
30.71,29.2,1,16,Wed,clear,small_truck,7.37,4.52
66.43,19.8,3,6,Sat,clear,van,1.13,5.07
23.84,64.5,6,14,Thu,clear,van,2.2,4.44
63.76,27.9,2,12,Fri,rain,van,3.21,6.01
53.22,12.3,3,14,Fri,clear,van,3.01,4.44
52.9,25.7,4,5,Mon,rain,large_truck,4.49,6.26
29.78,70.7,3,21,Thu,fog,van,1.88,3.9
60.36,8.6,4,21,Thu,rain,van,2.85,5.31
28.32,36.5,4,22,Fri,clear,small_truck,3.68,3.94
77.37,4.2,5,11,Mon,clear,small_truck,5.92,6.92
67.06,61.5,3,4,Mon,clear,large_truck,5.63,6.11
82.78,17.8,1,13,Sat,clear,large_truck,2.91,5.26
45.18,12.0,5,1,Sat,clear,van,2.67,5.28
41.8,67.8,2,16,Wed,clear,large_truck,8.91,8.26
37.59,24.4,3,6,Mon,clear,large_truck,5.31,5.05
98.95,25.2,3,4,Tue,,large_truck,4.55,7.27
56.69,18.0,6,19,Fri,clear,large_truck,4.11,7.34
26.27,18.7,1,15,Fri,rain,small_truck,4.64,3.67
73.72,3.7,2,2,Sat,clear,van,4.55,5.68
41.16,36.1,4,20,Thu,clear,large_truck,5.18,4.42
13.39,7.1,2,15,Sat,clear,van,4.62,2.9
32.45,48.8,2,6,Tue,clear,large_truck,4.25,4.25
67.05,10.1,5,9,Tue,clear,small_truck,8.73,8.8
53.29,26.9,5,10,Wed,clear,van,5.7,6.14
57.54,15.7,2,21,Sat,clear,small_truck,3.08,4.5
73.42,18.0,1,13,Sun,clear,van,5.99,5.56
20.14,20.9,5,19,Mon,clear,van,2.97,3.3
32.62,32.2,3,0,Tue,clear,small_truck,2.24,3.6
45.59,66.5,3,12,Mon,fog,van,2.04,4.42
67.85,17.7,4,2,Sat,clear,small_truck,1.59,4.98
28.26,3.0,1,9,Sat,clear,large_truck,6.45,3.6
38.81,57.1,3,13,Sun,clear,van,5.84,5.72
44.41,40.1,5,20,Tue,rain,small_truck,2.62,5.53
31.94,9.8,3,6,Thu,clear,van,5.6,4.63
44.21,8.2,2,5,Thu,clear,small_truck,1.54,3.1
41.72,33.3,2,20,Sun,,van,1.73,4.0
35.44,29.2,1,13,Sun,rain,van,1.82,3.21
60.29,77.7,5,17,Sat,clear,large_truck,7.73,9.29
55.94,36.4,2,22,Tue,clear,van,5.96,5.28
61.38,14.8,3,1,Wed,clear,small_truck,2.02,4.14
63.56,12.1,4,14,Sat,rain,van,2.67,5.11
80.9,26.3,0,1,Fri,clear,large_truck,5.27,6.14
22.63,3.9,7,22,Fri,clear,small_truck,3.66,5.41
23.75,5.7,2,10,Mon,clear,small_truck,2.72,2.47
58.23,8.7,8,10,Wed,clear,van,3.11,7.01
36.8,14.5,6,4,Sun,clear,small_truck,4.68,5.76
34.88,24.1,6,15,Thu,rain,small_truck,2.81,5.17
32.72,38.1,1,13,Sun,clear,small_truck,4.31,3.63
62.25,59.5,6,22,Wed,clear,large_truck,5.0,7.14
96.3,51.9,3,0,Sat,clear,small_truck,1.28,6.03
63.43,46.5,0,17,Sat,clear,van,8.1,7.2
36.11,17.5,2,22,Fri,,large_truck,5.72,4.85
60.97,12.4,1,21,Sat,clear,small_truck,1.4,4.43
23.43,32.8,2,14,Mon,clear,small_truck,1.41,3.45
12.15,34.3,2,19,Wed,fog,large_truck,4.08,3.9
40.53,9.6,3,1,Mon,clear,van,4.38,3.47
20.15,20.8,3,1,Fri,rain,van,3.31,2.84
36.83,11.5,6,16,Wed,rain,van,9.62,10.96
47.61,5.5,3,6,Thu,clear,small_truck,1.63,3.78
103.75,31.0,2,17,Sat,rain,van,3.88,8.65
70.07,45.9,2,17,Sat,clear,small_truck,4.63,6.01
20.33,73.0,4,16,Fri,clear,van,7.54,7.34
21.21,22.1,1,21,Mon,clear,small_truck,1.45,2.8
32.04,4.4,1,5,Fri,clear,van,4.02,2.91
87.08,81.6,4,19,Wed,clear,van,5.65,6.98
20.75,86.4,3,19,Sun,clear,small_truck,1.26,3.21
32.83,139.4,4,7,Wed,clear,small_truck,4.04,6.01
32.75,104.1,4,4,Sat,clear,small_truck,5.36,5.91
52.22,29.7,3,14,Fri,clear,small_truck,2.39,4.57
61.6,25.0,1,21,Wed,clear,van,3.11,3.86
56.16,42.6,3,15,Tue,rain,small_truck,3.9,6.05
49.26,6.7,2,2,Tue,fog,van,4.58,5.3
23.0,13.8,3,10,Thu,clear,van,1.92,2.67
46.14,22.3,2,9,Sun,fog,large_truck,7.63,7.97
74.28,53.2,2,14,Sun,fog,large_truck,4.87,7.77
84.4,54.9,1,14,Wed,clear,van,1.45,5.14
51.65,23.3,6,23,Mon,fog,van,1.54,6.08
20.42,7.4,3,20,Tue,rain,small_truck,4.54,3.86
52.01,45.3,3,13,Thu,rain,large_truck,3.36,5.68
41.67,6.9,3,3,Wed,clear,van,3.26,3.19
21.86,16.0,3,4,Mon,rain,small_truck,2.09,3.3
27.55,29.5,4,4,Tue,clear,van,4.56,3.87
29.77,6.1,4,12,Fri,rain,van,1.57,3.77
58.31,13.1,1,3,Tue,clear,van,2.87,3.45
82.92,50.2,6,4,Tue,rain,small_truck,4.61,8.31
54.69,42.6,2,3,Wed,rain,small_truck,5.9,5.04
59.07,8.4,0,16,Sun,clear,small_truck,4.24,4.51
42.88,32.2,3,6,Sat,clear,van,4.18,3.9
34.66,4.4,3,21,Wed,clear,van,1.32,2.7
55.3,39.5,3,11,Sat,clear,small_truck,2.33,4.72
49.53,14.2,4,16,Sun,fog,small_truck,4.01,5.73
30.95,21.2,5,12,Tue,rain,van,5.15,5.23
48.18,26.9,2,21,Mon,rain,small_truck,3.09,5.01
44.04,8.9,2,3,Tue,rain,van,5.46,5.28
38.69,13.2,4,17,Sat,clear,large_truck,3.86,5.28
34.14,74.8,0,13,Mon,clear,small_truck,4.49,4.49
51.63,20.0,3,10,Tue,clear,van,3.57,4.69
35.08,28.1,4,16,Sun,clear,large_truck,6.99,5.78
96.35,28.4,3,12,Tue,rain,van,5.83,9.4
53.94,60.6,1,15,Thu,rain,van,5.86,4.89
51.99,44.5,2,12,Sun,clear,small_truck,5.15,5.11
40.99,9.4,3,2,Sat,clear,large_truck,2.05,3.3
37.28,65.8,4,9,Wed,clear,van,7.83,7.26
18.29,82.5,4,23,Tue,clear,van,5.79,4.18
31.83,9.3,4,2,Fri,clear,small_truck,2.73,3.99
20.22,19.0,1,5,Wed,clear,van,2.75,2.88
20.09,22.9,2,16,Sat,clear,large_truck,5.86,4.59
25.76,19.6,5,3,Fri,rain,van,4.48,4.1
71.07,39.6,5,1,Wed,clear,large_truck,2.24,5.75
70.93,21.3,5,18,Wed,clear,van,5.19,6.75
32.15,16.2,0,4,Mon,clear,large_truck,2.43,2.94
22.76,40.9,1,5,Fri,rain,small_truck,4.23,3.37
36.57,3.1,6,10,Sun,fog,large_truck,1.21,5.99
58.07,29.7,0,20,Sun,clear,van,5.64,4.96
65.09,36.4,8,23,Fri,clear,van,3.79,7.69
47.89,63.0,1,6,Sat,fog,van,1.53,4.99
51.37,26.5,5,7,Sun,clear,small_truck,7.33,6.38
49.33,4.7,3,12,Tue,clear,van,2.43,4.59
20.87,27.8,3,19,Sat,clear,small_truck,4.83,4.26
23.76,4.3,4,1,Mon,clear,van,5.4,4.07
84.34,33.6,4,10,Sat,rain,small_truck,3.52,7.47
47.8,55.7,5,2,Tue,clear,small_truck,1.92,4.97
16.26,23.8,4,5,Fri,rain,van,3.36,3.13
52.64,21.3,5,15,Mon,rain,small_truck,3.86,5.82
29.16,43.8,2,0,Mon,clear,van,2.8,4.25
67.24,32.7,5,20,Fri,clear,large_truck,4.85,6.93
64.29,41.5,7,2,Sun,clear,large_truck,2.36,7.2
56.75,102.6,2,19,Mon,fog,van,5.21,6.44
47.57,17.1,2,10,Sat,clear,van,3.19,3.57
73.9,35.2,1,13,Sat,clear,small_truck,3.93,5.27
77.02,66.6,5,9,Sat,rain,small_truck,4.28,7.3
29.49,67.3,4,8,Tue,clear,large_truck,4.7,5.06
454.94372231917254,37.7,4,15,Sun,clear,van,3.19,5.13
34.31,20.6,3,7,Fri,clear,van,7.56,6.02
27.65,41.1,3,1,Tue,clear,van,5.86,4.16
76.99,41.7,4,0,Sun,clear,van,1.36,5.38
60.21,46.7,3,6,Tue,clear,large_truck,5.68,6.32
49.2,9.9,1,5,Thu,fog,large_truck,2.54,5.06
30.72,81.0,4,0,Tue,rain,van,5.91,5.15
77.93,66.7,2,2,Wed,clear,van,1.22,4.87
110.87,24.4,0,20,Fri,clear,small_truck,3.54,6.03
28.98,62.3,3,11,Sun,rain,van,4.89,5.02
26.16,23.1,1,9,Thu,clear,small_truck,6.07,3.77
44.09,72.5,3,22,Fri,rain,small_truck,5.87,6.05
58.07,27.6,4,14,Mon,clear,small_truck,5.62,6.07
38.09,12.0,2,3,Tue,clear,van,2.66,3.98
173.34,93.7,4,17,Fri,clear,small_truck,4.8,10.42
47.26,45.4,2,17,Mon,clear,small_truck,3.93,5.13
34.24,22.0,4,6,Wed,clear,small_truck,1.16,3.96
35.9,76.6,8,16,Mon,rain,small_truck,7.31,9.01
88.32,41.4,4,3,Thu,rain,large_truck,1.71,7.72
42.38,19.8,3,23,Tue,clear,van,3.4,4.19
75.87,77.3,5,13,Tue,rain,van,1.94,6.53
19.76,46.6,2,6,Thu,clear,van,5.33,4.07
67.81,33.3,4,21,Tue,clear,small_truck,2.47,5.0
31.37,26.3,3,12,Sat,clear,van,4.49,4.15
60.81,11.6,3,21,Thu,clear,small_truck,3.93,4.79
31.26,1.7,4,2,Sun,rain,van,2.88,3.8
36.99,43.4,3,7,Tue,clear,large_truck,7.37,4.93
27.29,9.4,2,10,Mon,clear,small_truck,1.57,2.94
61.29,11.6,2,6,Wed,clear,van,4.55,4.94
65.27,22.8,2,12,Mon,rain,van,1.9,4.89
31.81,23.3,1,8,Wed,fog,van,5.4,4.35
22.08,13.0,5,21,Sat,clear,large_truck,5.84,4.42
75.42,43.4,4,5,Sun,clear,large_truck,1.86,6.24
33.46,5.1,2,4,Thu,clear,small_truck,2.32,3.33
41.45,42.8,3,23,Tue,clear,van,1.05,4.74
29.37,20.8,1,17,Wed,rain,large_truck,7.87,6.69
58.86,12.4,3,0,Wed,rain,van,4.8,5.79
59.47,5.7,3,20,Mon,rain,small_truck,1.1,4.68
80.6,29.7,2,4,Sat,clear,small_truck,3.59,6.21
68.63,8.7,1,16,Sat,clear,van,8.74,7.6
66.67,7.5,2,0,Wed,rain,van,4.94,6.45
43.05,66.1,5,6,Thu,clear,van,5.02,6.27
40.85,6.8,2,20,Thu,clear,small_truck,1.34,3.24
58.52,5.0,3,0,Thu,clear,small_truck,2.41,4.45
42.05,40.4,5,11,Sat,clear,large_truck,3.61,4.92
69.6,31.5,1,9,Fri,rain,small_truck,7.16,6.23
28.57,16.1,2,5,Mon,clear,van,4.79,3.81
19.58,10.9,1,2,Tue,fog,van,5.6,3.62
55.69,13.8,5,9,Sun,clear,small_truck,7.88,8.48
35.25,16.4,4,8,Wed,clear,van,6.12,4.89
26.69,37.1,5,2,Thu,rain,van,3.95,4.89
101.03,30.3,8,17,Sat,rain,van,3.69,10.72
44.74,19.0,4,2,Sat,clear,small_truck,3.25,4.5
24.03,18.8,1,9,Thu,clear,small_truck,5.14,3.57
33.47,41.7,3,22,Sun,clear,van,4.66,4.66
39.4,12.4,1,8,Fri,clear,large_truck,8.31,6.66
55.22,5.4,3,16,Sun,clear,large_truck,8.7,8.47
33.54,61.2,3,11,Thu,clear,small_truck,3.31,4.04
41.71,19.0,2,15,Tue,clear,van,1.44,3.34
49.9,87.4,5,18,Mon,rain,small_truck,3.8,5.54
53.77,16.8,4,11,Thu,rain,small_truck,5.54,5.93
42.99,25.2,5,15,Sun,clear,van,1.98,3.89
87.73,11.5,0,11,Wed,rain,small_truck,2.82,6.19
59.12,30.6,2,7,Sat,clear,large_truck,5.46,5.82
57.76,19.2,2,18,Thu,clear,van,7.82,7.83
56.89,21.1,7,9,Sat,clear,van,6.01,8.02
69.83,27.3,3,1,Sat,rain,van,2.86,5.73
48.52,17.1,2,6,Fri,rain,small_truck,4.71,4.76
28.37,29.9,4,16,Wed,clear,small_truck,6.88,5.39
52.71,13.9,1,15,Wed,clear,van,3.98,4.01
55.48,28.7,4,13,Thu,clear,van,1.25,4.27
74.33,4.4,3,10,Sat,fog,large_truck,2.09,6.61
27.13,6.8,3,7,Fri,clear,large_truck,6.37,4.43
30.03,11.3,1,1,Tue,clear,large_truck,5.97,4.99
45.34,8.3,2,5,Tue,rain,van,2.12,3.92
57.56,8.9,6,23,Wed,clear,large_truck,2.87,6.34
24.95,35.5,4,20,Fri,clear,van,1.96,3.82
27.45,19.6,4,1,Sat,clear,small_truck,3.37,4.8
63.21,17.1,3,22,Tue,clear,van,1.0,4.36
25.4,30.1,3,18,Sat,clear,large_truck,8.23,6.21
30.21,31.8,0,2,Fri,rain,van,5.41,3.83
64.87,15.5,4,10,Tue,rain,large_truck,3.45,5.48
57.22,51.0,1,4,Tue,fog,large_truck,5.23,6.21
33.69,20.5,7,17,Tue,clear,large_truck,4.63,6.87
54.5,37.9,7,16,Sat,clear,van,6.32,7.23
50.22,13.9,4,5,Tue,clear,van,1.85,3.85
42.29,29.2,1,18,Tue,clear,van,6.02,4.84
37.69,40.5,7,7,Wed,clear,van,5.18,6.39
53.62,37.2,0,11,Fri,rain,van,4.39,5.26
26.39,34.8,2,2,Thu,clear,small_truck,5.01,3.9
53.36,13.3,1,22,Fri,fog,large_truck,5.71,6.22
48.3,7.9,1,4,Wed,rain,large_truck,2.5,3.75
49.74,7.0,3,20,Wed,clear,van,4.45,4.22
29.64,16.5,5,20,Fri,clear,van,5.19,4.54
75.11,15.5,3,3,Fri,rain,small_truck,3.0,5.96
33.74,32.2,1,2,Sat,clear,large_truck,3.8,4.9
36.02,24.4,2,3,Sat,clear,van,4.43,4.38
41.59,7.2,3,20,Wed,clear,van,1.39,3.95
57.16,45.6,7,2,Mon,rain,van,4.11,7.38
49.12,28.0,4,14,Mon,clear,small_truck,3.71,4.41
21.71,12.6,2,21,Fri,clear,van,2.54,3.48
44.47,14.5,3,7,Thu,fog,large_truck,8.56,7.84
46.02,60.9,0,13,Wed,rain,large_truck,1.41,4.16
75.87,8.3,1,1,Sat,clear,large_truck,5.75,6.13
39.12,63.2,7,22,Fri,rain,small_truck,4.19,7.96
55.12,19.2,6,14,Sun,fog,large_truck,1.3,7.65
120.59,20.3,3,17,Sun,rain,van,5.67,10.45
70.46,30.2,3,6,Sat,rain,van,4.91,7.27
28.93,5.3,3,17,Fri,clear,van,5.11,3.75
60.29,28.0,2,15,Sun,rain,small_truck,1.23,5.12
53.45,39.9,4,3,Tue,rain,van,3.74,6.16
38.58,16.1,2,13,Sun,clear,small_truck,5.99,4.06
60.58,22.9,3,2,Wed,clear,large_truck,2.9,5.28
28.74,88.7,3,16,Tue,clear,van,6.16,5.3
34.04,43.1,5,22,Thu,clear,van,4.87,5.11
41.77,10.5,2,20,Sun,clear,large_truck,3.99,3.88
37.83,15.3,5,11,Mon,clear,small_truck,2.35,4.44
57.89,18.7,2,21,Tue,clear,van,3.74,4.72
43.96,45.0,6,23,Fri,clear,van,3.3,5.71
36.24,10.5,2,10,Fri,rain,van,1.08,3.73
69.98,37.3,3,7,Fri,clear,van,5.45,6.56
57.0,37.5,4,4,Sun,fog,van,4.02,6.03
23.59,24.1,2,14,Sat,clear,van,1.74,3.05
23.39,46.1,7,9,Sat,fog,small_truck,8.74,10.97
36.34,11.5,1,13,Mon,clear,van,3.46,3.92
24.88,52.6,2,22,Wed,clear,van,1.43,3.07
65.38,4.1,3,1,Fri,clear,van,5.76,6.03
34.73,10.4,1,7,Sat,clear,van,7.4,4.39
55.09,4.2,0,12,Wed,rain,small_truck,4.19,4.94
95.56,12.1,2,17,Fri,clear,small_truck,8.11,8.76
59.94,38.0,1,22,Tue,clear,large_truck,4.33,4.53
18.38,31.2,4,20,Sun,rain,van,1.06,3.39
35.4,27.8,2,10,Thu,clear,van,4.1,4.24
40.98,11.9,2,13,Mon,clear,small_truck,2.22,3.95
50.02,22.6,2,11,Fri,rain,van,5.74,5.02
63.87,53.0,3,2,Tue,clear,small_truck,3.05,4.41
102.95,12.4,1,16,Thu,clear,small_truck,7.44,7.75
84.08,12.9,2,19,Wed,clear,van,1.74,5.74
43.74,13.4,6,18,Sat,clear,van,6.74,6.02
43.53,26.7,8,8,Sat,clear,van,3.83,6.24
80.41,35.6,7,19,Tue,clear,van,3.03,7.08
44.74,41.6,4,5,Wed,clear,van,3.8,4.9
35.06,18.7,3,10,Wed,clear,van,4.16,4.58
65.82,17.3,5,6,Sat,clear,small_truck,2.98,5.47
51.02,14.7,6,10,Tue,rain,van,1.79,5.78
23.23,34.0,4,22,Fri,rain,van,4.3,4.36
39.27,5.5,4,11,Mon,clear,van,1.06,2.74
25.22,20.7,1,18,Sun,clear,van,7.44,4.57
13.37,20.8,1,23,Wed,clear,van,4.38,3.19
88.92,37.9,1,3,Tue,clear,large_truck,4.87,6.45
47.12,7.3,6,22,Sat,clear,van,5.87,6.34
39.88,40.0,4,2,Fri,clear,large_truck,2.64,4.53
36.23,32.5,5,14,Thu,clear,large_truck,3.66,4.8
45.09,75.7,2,10,Sun,rain,van,4.16,5.14
36.03,66.3,3,6,Wed,rain,van,3.93,4.18
29.16,50.4,4,15,Thu,rain,van,4.17,4.79
327.4499414255585,2.9,4,21,Thu,rain,large_truck,5.71,5.22
77.13,8.0,4,1,Tue,clear,large_truck,3.42,6.01
65.2,46.2,4,4,Wed,clear,small_truck,5.31,6.04
36.95,20.3,4,12,Fri,clear,large_truck,4.16,4.88
92.71,66.2,1,2,Mon,clear,small_truck,4.91,7.23
43.53,24.5,4,7,Sat,clear,small_truck,4.9,5.14
31.97,36.9,4,9,Fri,clear,large_truck,4.92,4.27
51.95,35.1,0,10,Fri,rain,van,5.68,5.03
82.17,24.0,3,16,Sat,clear,van,7.45,7.18
75.61,46.7,2,11,Thu,clear,small_truck,3.53,5.67
32.64,39.0,3,1,Sat,rain,small_truck,3.3,4.05
26.65,8.8,7,15,Sat,clear,van,2.26,4.81
38.37,92.7,4,7,Tue,clear,van,5.9,6.05
55.51,8.0,0,0,Tue,clear,van,2.13,3.48
61.65,12.8,5,18,Thu,clear,van,9.56,9.62
71.18,36.5,1,10,Mon,rain,van,2.33,5.13
48.19,31.7,2,15,Thu,rain,van,3.23,4.23
48.84,41.3,1,15,Sun,rain,van,4.41,4.74
47.46,19.8,3,2,Sat,clear,van,4.23,3.75
67.39,33.5,0,19,Sat,rain,van,4.85,5.53
62.09,13.6,6,4,Tue,rain,large_truck,2.9,6.99
32.14,24.5,6,17,Sat,rain,small_truck,6.21,6.92
58.99,60.9,1,17,Mon,clear,van,5.56,4.65
65.61,8.0,4,2,Wed,clear,small_truck,4.17,5.86
67.75,48.7,0,2,Sun,clear,van,5.97,5.5
51.04,21.0,2,20,Sat,clear,small_truck,3.94,5.19
49.91,11.1,2,0,Tue,rain,small_truck,4.84,5.03
44.31,11.9,3,5,Thu,rain,van,5.62,5.32
46.22,20.5,5,23,Sun,rain,van,1.02,4.88
86.71,50.3,3,2,Thu,clear,small_truck,2.27,5.3
46.86,33.3,6,14,Fri,clear,van,1.02,5.83
33.24,7.3,3,8,Wed,fog,large_truck,8.22,7.57
51.48,47.0,2,10,Thu,clear,large_truck,2.94,4.28
61.15,41.7,3,3,Thu,clear,van,3.9,5.21
66.6,4.2,4,14,Tue,clear,small_truck,3.42,5.81
29.02,10.7,4,8,Sun,rain,large_truck,8.44,7.4
79.3,53.9,5,16,Sun,clear,large_truck,5.11,7.34
60.22,24.1,2,18,Mon,clear,van,4.18,4.07
77.45,46.8,4,11,Tue,clear,van,2.79,5.56
24.46,2.0,3,0,Fri,rain,van,3.35,3.73
68.81,1.0,0,15,Wed,clear,small_truck,3.03,4.8
28.42,38.3,4,11,Fri,clear,van,2.37,3.84
40.24,14.8,0,17,Mon,clear,van,5.4,4.06
61.02,39.9,3,18,Sat,clear,van,3.69,5.0
27.23,47.2,6,4,Mon,clear,van,5.56,6.01
35.92,15.0,1,2,Tue,clear,van,1.33,2.54
24.26,22.4,4,10,Sat,rain,van,2.99,3.59
60.36,18.6,2,21,Wed,fog,van,1.39,5.25
31.92,14.8,2,7,Tue,clear,small_truck,4.44,3.24
45.63,28.5,5,10,Sun,clear,van,4.24,6.03
53.5,43.9,1,19,Fri,clear,van,5.62,4.68
51.24,12.9,2,19,Wed,clear,van,2.74,4.13
49.35,12.9,5,18,Sat,clear,van,8.36,7.51
49.31,15.1,1,22,Mon,clear,van,4.9,3.09
24.97,36.5,2,19,Thu,clear,small_truck,4.2,4.42
41.16,47.0,4,3,Tue,clear,small_truck,5.34,5.35
49.13,18.4,2,10,Fri,rain,van,1.93,3.41
46.97,3.2,4,18,Tue,clear,large_truck,4.21,4.56
43.13,9.5,2,13,Tue,clear,small_truck,3.28,4.78
33.75,17.5,1,3,Tue,clear,large_truck,3.67,3.91
50.79,11.5,1,16,Sat,clear,van,5.84,3.57
54.63,7.3,0,4,Sun,clear,small_truck,5.61,4.33
37.91,25.0,2,7,Tue,,small_truck,5.42,4.42
66.79,107.9,1,23,Tue,clear,small_truck,5.66,6.51
79.98,10.1,1,23,Fri,clear,small_truck,3.11,5.16
46.01,28.7,2,0,Fri,clear,van,5.17,3.93
32.44,35.3,5,9,Sat,clear,van,6.84,5.27
27.08,37.3,2,7,Sat,rain,small_truck,7.28,4.71
40.0,22.9,4,12,Sat,rain,van,4.44,5.26
44.63,7.7,7,19,Mon,clear,small_truck,3.37,5.77
26.47,43.7,5,19,Mon,clear,van,5.37,4.6
39.49,5.0,6,3,Tue,rain,van,3.69,5.7
65.37,21.1,3,17,Wed,clear,small_truck,4.28,5.12
17.06,19.5,2,0,Sat,clear,small_truck,4.99,4.08
47.19,8.3,2,12,Sat,rain,van,3.47,4.87
35.82,15.1,3,13,Sat,clear,van,4.37,4.56
45.19,36.4,0,9,Sat,clear,van,5.56,3.79
81.75,21.1,1,21,Wed,rain,small_truck,4.49,6.55
44.33,6.0,2,15,Fri,clear,van,4.61,4.48
41.72,40.1,4,23,Mon,clear,van,5.99,4.95
58.79,74.2,3,10,Mon,clear,van,2.82,4.73
51.07,6.9,4,9,Sat,fog,small_truck,6.01,6.05
47.27,22.5,1,14,Wed,rain,van,3.41,3.73
51.82,23.2,3,5,Sat,clear,van,4.46,5.26
72.52,6.7,4,19,Sun,clear,van,3.41,5.84
63.66,55.1,3,7,Fri,clear,van,8.48,8.37
40.55,23.6,5,2,Mon,clear,van,5.82,5.31
79.96,44.8,5,11,Fri,clear,small_truck,5.9,7.04
36.73,30.0,1,16,Sat,fog,van,3.99,5.26
47.19,53.7,1,12,Tue,rain,small_truck,2.22,4.35
49.39,29.7,4,1,Wed,fog,van,2.47,5.18
39.76,16.5,5,0,Fri,clear,small_truck,5.64,5.27
76.42,34.5,6,17,Sat,clear,van,7.55,10.51
38.95,11.7,7,23,Tue,fog,large_truck,1.61,6.33
42.91,36.9,7,5,Mon,rain,van,3.19,6.96
67.4,10.1,4,23,Fri,,van,5.65,5.89
37.3,21.9,2,11,Mon,clear,van,2.03,3.75
25.99,18.7,3,3,Thu,rain,van,3.77,3.02
47.74,28.2,2,6,Wed,clear,van,4.45,4.1
29.3,59.8,3,23,Thu,rain,large_truck,1.32,4.22
27.93,14.7,6,7,Sun,clear,van,6.13,5.18
17.24,42.8,2,20,Sun,clear,large_truck,5.59,4.23
18.31,55.0,2,15,Fri,clear,van,1.06,2.71
18.94,41.9,2,19,Wed,clear,small_truck,4.17,3.66
84.27,28.0,4,10,Fri,rain,small_truck,5.37,7.52
18.91,27.0,1,2,Mon,clear,van,3.15,2.69
28.99,13.9,5,11,Sun,clear,van,2.29,2.7
43.21,5.1,3,22,Sun,clear,van,4.63,3.93
57.74,24.2,4,23,Wed,clear,van,2.83,5.1
60.13,58.2,0,9,Mon,clear,small_truck,5.82,4.76
32.45,63.8,2,2,Sat,clear,van,2.3,3.31
46.84,6.3,5,5,Mon,clear,small_truck,5.8,5.39
42.69,62.5,2,9,Mon,clear,van,8.08,7.14
45.76,35.6,7,23,Mon,fog,large_truck,1.69,7.16
48.24,32.8,2,12,Tue,clear,large_truck,2.49,4.51
53.42,57.9,2,11,Sun,clear,van,5.48,5.05
35.55,47.1,0,19,Thu,clear,small_truck,5.15,3.35
71.26,9.9,4,4,Tue,clear,van,2.76,6.5
89.12,12.6,2,6,Sun,rain,van,4.55,6.8
39.07,4.4,1,17,Wed,clear,small_truck,4.68,4.23
101.07,31.7,5,9,Fri,fog,van,4.6,9.45
36.45,11.0,3,14,Thu,clear,small_truck,5.5,4.43
47.18,16.1,4,19,Mon,clear,van,3.72,4.45
42.85,53.3,3,17,Fri,clear,large_truck,5.03,5.12
46.43,34.8,4,12,Sun,clear,van,3.45,5.01
68.13,35.5,3,1,Sun,clear,van,3.32,5.2
41.85,91.5,3,20,Sat,rain,van,5.98,5.81
27.42,0.5,3,2,Fri,fog,small_truck,1.07,3.49
35.28,11.6,3,1,Sat,clear,small_truck,4.7,4.3
41.89,18.6,2,5,Sun,fog,small_truck,4.78,4.65
48.87,12.3,3,6,Thu,clear,van,4.88,5.14
32.52,44.5,1,19,Sun,rain,van,4.89,3.97
34.01,20.4,1,13,Wed,fog,small_truck,4.55,4.34
49.59,8.9,3,22,Wed,fog,van,3.12,5.72
50.28,29.7,3,2,Mon,clear,van,1.25,5.26
64.25,33.5,2,23,Thu,clear,van,5.84,5.81
35.1,9.6,1,11,Fri,clear,small_truck,2.21,2.48
55.52,21.2,0,14,Wed,clear,van,2.53,3.69
42.88,34.1,2,0,Mon,clear,van,1.76,4.41
37.19,55.4,4,17,Thu,rain,large_truck,5.24,5.65
43.45,13.4,2,12,Fri,clear,van,2.64,4.05
45.91,36.8,3,17,Mon,clear,van,5.8,5.49
26.16,15.2,2,22,Thu,clear,van,3.02,2.84
27.05,25.8,4,5,Wed,clear,large_truck,4.34,5.19
58.55,10.5,1,22,Fri,clear,small_truck,5.85,5.23
38.68,36.0,2,11,Mon,fog,small_truck,3.61,4.79
49.01,49.1,4,7,Sat,rain,small_truck,8.93,8.85
57.85,21.9,3,16,Wed,clear,small_truck,3.92,4.6
43.56,19.8,3,0,Wed,clear,small_truck,2.88,3.9
55.93,18.3,7,16,Mon,clear,small_truck,4.56,6.51
46.03,8.0,1,21,Thu,clear,van,3.99,4.75
46.89,41.2,2,5,Wed,clear,van,5.9,5.44
70.36,54.4,1,13,Mon,clear,van,2.06,4.46
41.67,12.8,1,18,Fri,clear,small_truck,6.68,5.42
58.81,28.4,1,13,Wed,clear,van,4.82,5.33
24.14,35.3,3,22,Wed,clear,van,1.52,2.9
48.31,15.0,4,19,Mon,fog,large_truck,3.16,5.91
77.47,63.6,2,6,Fri,rain,van,1.7,5.8
104.1,28.8,2,9,Mon,clear,van,6.18,7.69
24.68,6.3,6,16,Fri,clear,van,7.85,9.01
38.6,50.9,4,10,Wed,,large_truck,2.45,4.49
29.58,22.6,5,9,Sat,rain,small_truck,9.56,7.8
42.34,17.2,5,20,Wed,rain,small_truck,4.88,5.52
62.61,39.0,3,2,Fri,,van,2.32,5.09
71.38,15.4,5,11,Sun,clear,small_truck,3.13,6.33
72.31,60.9,2,9,Tue,rain,small_truck,6.54,7.49
23.7,52.1,1,17,Mon,clear,small_truck,6.23,4.58
45.51,66.6,7,23,Fri,rain,small_truck,3.82,6.84
34.81,88.2,5,21,Tue,clear,van,2.88,4.06
41.34,34.9,3,8,Tue,clear,small_truck,8.34,6.81
36.83,24.3,2,9,Sat,clear,small_truck,5.13,4.24
24.24,14.9,3,2,Fri,clear,van,4.17,3.26
71.66,37.4,2,21,Mon,clear,van,1.18,4.76
32.65,86.6,5,7,Fri,clear,van,6.78,6.31
35.08,8.0,4,7,Fri,fog,large_truck,5.19,5.71
77.66,30.6,5,9,Wed,clear,van,3.97,5.35
22.36,6.2,6,22,Sat,clear,small_truck,1.26,5.37
53.12,5.9,4,23,Sat,clear,van,5.78,5.55
66.09,55.6,5,7,Fri,fog,small_truck,4.83,7.77
75.16,49.7,3,15,Tue,clear,large_truck,2.8,5.9
51.67,14.3,2,5,Wed,clear,van,3.35,4.1
59.24,9.5,2,11,Thu,clear,van,1.12,4.46
66.07,68.3,2,17,Mon,clear,small_truck,7.71,7.88
42.6,10.1,3,12,Wed,rain,small_truck,1.08,4.21
30.73,7.4,4,22,Sun,clear,small_truck,5.56,5.19
80.03,10.4,3,12,Fri,clear,van,1.16,5.16
56.71,33.0,2,18,Sun,clear,small_truck,5.21,5.47
45.49,96.3,6,11,Wed,clear,small_truck,4.91,6.59
24.79,15.1,5,17,Sat,rain,van,4.75,4.81
15.58,55.2,3,19,Sat,clear,van,5.05,4.04
52.7,26.7,2,23,Tue,rain,large_truck,3.35,5.15
15.11,3.2,3,8,Tue,clear,van,5.57,3.81
45.29,15.5,3,13,Thu,clear,van,1.93,3.43
33.29,50.0,0,17,Fri,rain,large_truck,5.2,5.2
36.79,48.2,5,21,Fri,rain,small_truck,4.99,6.78
72.62,13.7,4,2,Sun,clear,small_truck,1.05,4.92
33.42,41.0,3,0,Mon,fog,small_truck,2.59,5.01
46.21,22.2,6,2,Fri,clear,van,2.6,5.55
33.5,32.1,2,3,Sun,,small_truck,2.35,3.39
50.75,57.3,4,6,Tue,clear,van,2.55,5.4
47.89,14.2,2,6,Sun,clear,large_truck,1.61,3.93
45.3,17.9,2,2,Sat,rain,van,1.83,4.31
66.17,58.0,2,22,Tue,clear,van,3.79,6.1
22.39,89.7,3,19,Tue,clear,van,3.81,4.36
19.76,45.8,0,4,Tue,rain,van,5.65,3.64
26.75,30.6,2,9,Mon,clear,van,6.63,3.98
47.98,45.5,0,9,Wed,rain,small_truck,6.84,5.09
54.21,15.5,7,20,Thu,clear,small_truck,1.48,5.91
10.83,25.6,1,0,Thu,clear,van,4.68,2.65
53.92,5.8,3,20,Sat,clear,large_truck,3.23,5.04
85.63,15.8,1,1,Thu,clear,large_truck,4.8,5.64
38.99,33.5,1,12,Tue,,van,1.97,3.07
80.87,28.4,1,13,Fri,clear,van,4.08,5.41
52.34,2.0,2,5,Fri,rain,small_truck,4.62,5.1
77.04,20.2,2,2,Thu,clear,van,2.81,5.19
71.16,28.0,5,10,Fri,clear,van,3.4,5.77
39.0,28.8,4,21,Tue,rain,small_truck,1.32,4.04
62.72,7.2,3,13,Sat,clear,small_truck,2.35,4.97
38.97,41.6,3,21,Tue,fog,small_truck,1.82,5.18
84.98,81.4,3,8,Mon,,large_truck,5.68,7.61
40.5,45.2,2,14,Wed,fog,small_truck,1.45,4.31
55.25,25.6,1,20,Tue,rain,van,5.14,4.42
91.49,69.4,2,9,Thu,clear,van,8.11,9.98
56.22,15.5,3,23,Thu,clear,small_truck,5.33,5.29
37.31,37.8,2,21,Sun,clear,small_truck,5.74,5.23
25.41,23.5,3,14,Wed,clear,small_truck,3.82,4.42
22.48,69.9,2,11,Mon,clear,small_truck,4.73,4.44
53.81,10.8,1,4,Thu,clear,small_truck,3.45,4.59
43.45,10.8,3,4,Sat,clear,large_truck,4.93,5.22
26.96,58.9,7,21,Tue,rain,van,3.68,5.89
60.0,35.9,3,8,Wed,clear,van,8.45,7.68
59.67,62.2,2,22,Tue,rain,large_truck,2.38,5.99
43.13,11.8,3,8,Sat,fog,large_truck,7.94,7.5
78.42,13.8,5,6,Tue,clear,van,3.89,5.97
20.61,31.5,5,13,Tue,clear,van,2.25,3.31
37.9,6.1,2,7,Mon,clear,small_truck,8.38,7.02
56.1,29.9,4,9,Wed,fog,van,5.18,6.63
28.32,17.7,4,11,Sun,rain,van,4.15,3.99
62.39,23.4,2,19,Thu,clear,van,4.29,4.81
69.74,41.4,1,20,Mon,fog,small_truck,4.36,7.38
13.04,42.9,3,15,Sat,clear,van,4.42,3.16
79.5,78.7,2,22,Wed,clear,van,3.09,5.84
54.73,52.9,1,6,Tue,clear,van,4.12,4.91
36.05,3.3,0,15,Mon,rain,small_truck,5.53,4.07
23.35,11.7,6,9,Wed,clear,small_truck,4.59,5.56
65.76,12.6,5,10,Tue,rain,small_truck,4.92,7.09
26.35,49.2,4,17,Thu,clear,van,4.0,4.77
54.69,71.3,4,8,Thu,clear,large_truck,6.59,6.77
26.83,8.2,4,5,Fri,fog,large_truck,1.82,4.25
44.87,50.1,2,11,Tue,clear,van,4.91,4.8
64.57,25.6,4,2,Mon,clear,large_truck,1.19,4.82
36.25,22.9,4,13,Mon,rain,van,4.51,4.87
79.28,15.3,3,17,Mon,clear,van,6.52,5.88
56.63,20.4,4,3,Tue,clear,small_truck,2.33,4.99
178.50043481022206,30.0,5,9,Sat,clear,small_truck,8.25,6.59
24.18,16.8,1,6,Thu,fog,large_truck,2.46,3.09
31.76,34.6,2,2,Wed,clear,van,2.06,3.68
43.99,23.0,3,3,Tue,clear,small_truck,3.16,4.52
82.38,21.0,5,11,Tue,rain,small_truck,2.51,6.86
88.82,39.4,2,13,Tue,clear,van,4.64,6.11
35.66,32.2,4,13,Tue,clear,small_truck,1.15,3.54
35.19,2.2,5,1,Thu,clear,van,4.46,4.23
60.47,35.7,2,0,Fri,fog,van,3.11,6.06
60.27,30.8,2,2,Sun,clear,van,4.92,5.04
74.06,55.2,4,18,Sun,clear,large_truck,4.86,5.93
74.87,31.8,0,15,Tue,clear,small_truck,1.09,4.1
30.81,19.5,4,11,Sat,,small_truck,4.82,4.14
22.03,14.8,5,0,Mon,,van,1.66,3.22
56.97,5.0,3,0,Sat,clear,small_truck,3.39,4.61
49.04,25.3,2,9,Sun,clear,small_truck,7.5,5.25
16.96,12.7,4,20,Fri,clear,large_truck,5.62,4.56
18.19,61.0,3,2,Thu,clear,small_truck,2.23,2.67
21.79,26.2,1,14,Wed,clear,van,5.19,3.09
55.84,9.7,2,13,Sun,clear,large_truck,4.88,5.41
42.37,3.6,1,23,Sun,rain,small_truck,5.62,4.85
56.37,5.3,5,7,Fri,clear,van,8.64,8.24
27.52,33.6,2,6,Mon,clear,small_truck,1.45,3.57
58.04,65.8,4,14,Sun,clear,van,5.72,6.27
51.54,38.8,2,9,Sat,clear,small_truck,3.26,4.61
59.79,23.4,5,4,Wed,rain,van,2.72,5.93
36.75,90.9,1,15,Tue,rain,small_truck,2.95,4.69
33.42,44.9,1,23,Sat,clear,van,3.43,4.11
23.33,32.0,2,21,Fri,clear,small_truck,2.18,3.04
39.36,19.1,4,2,Sat,clear,van,1.62,3.74
68.52,68.1,3,18,Sun,clear,van,8.78,9.03
76.24,20.6,3,16,Wed,clear,van,7.96,8.44
26.45,12.7,4,15,Sat,clear,van,3.37,4.4
43.97,24.2,4,11,Thu,clear,small_truck,4.87,5.27
82.89,28.0,2,19,Sat,clear,van,5.58,5.94
87.55,47.6,1,13,Tue,clear,van,2.12,4.9
38.68,12.4,8,2,Sat,clear,large_truck,2.61,6.64
71.01,14.5,2,3,Fri,clear,small_truck,5.67,5.65
66.04,15.2,1,17,Thu,clear,small_truck,5.82,5.53
63.83,23.2,3,9,Sun,clear,van,4.61,5.36
20.37,9.9,8,13,Wed,clear,large_truck,1.79,5.37
34.75,60.5,4,19,Sat,clear,van,5.94,5.04
41.99,5.4,4,6,Thu,fog,van,3.68,5.07
41.48,69.4,3,21,Mon,clear,van,5.31,4.93
43.77,44.3,3,5,Tue,clear,small_truck,4.18,5.91
91.56,11.7,3,10,Sat,clear,van,3.22,5.68
39.24,21.7,3,6,Thu,clear,large_truck,5.29,5.15
52.53,13.5,5,16,Sat,rain,van,4.84,6.98
51.76,44.9,2,2,Mon,clear,small_truck,4.84,5.51
44.0,64.6,1,8,Sat,clear,van,5.98,4.9
27.2,146.4,4,6,Sun,clear,large_truck,5.49,6.08
46.47,37.0,5,17,Sun,clear,van,6.78,5.75
16.8,5.5,2,1,Sat,clear,van,2.63,3.24
54.7,10.9,4,15,Thu,fog,van,4.63,6.0
15.44,35.7,1,16,Mon,clear,van,8.51,5.78
52.68,22.5,4,17,Tue,rain,van,8.7,8.22
33.97,43.9,5,12,Fri,clear,van,3.39,4.39
28.88,32.4,4,15,Sun,,small_truck,3.2,4.09
60.86,11.9,3,3,Sat,clear,van,1.75,4.87
37.32,19.7,3,13,Fri,fog,van,1.2,4.23
45.47,45.4,3,16,Sun,clear,van,8.75,8.23
20.7,33.8,2,5,Wed,clear,van,4.63,2.59
78.58,44.3,4,4,Wed,clear,large_truck,3.88,7.11
47.33,7.7,1,7,Mon,clear,van,7.55,5.89
47.28,12.7,1,11,Fri,clear,small_truck,1.12,3.82
71.9,57.5,1,1,Tue,clear,van,3.27,3.96
55.19,8.0,3,22,Tue,rain,van,5.61,5.69
12.18,42.4,3,15,Mon,clear,large_truck,3.31,3.87
81.86,7.1,4,18,Sat,clear,small_truck,7.3,6.94
38.63,27.7,4,20,Tue,clear,small_truck,2.89,4.34
79.83,17.4,6,14,Sun,clear,van,1.53,7.02
38.06,11.7,5,18,Tue,clear,small_truck,4.93,5.26
34.4,29.4,2,14,Mon,clear,large_truck,1.43,3.0
53.64,55.6,4,18,Sun,rain,van,6.67,7.1
99.25,14.3,3,1,Tue,clear,van,5.91,7.79
70.98,2.7,2,19,Sat,rain,large_truck,2.81,6.2
56.09,23.0,0,10,Mon,rain,van,5.29,4.51
53.29,11.6,3,11,Tue,,van,1.21,3.6
46.29,46.1,1,7,Wed,clear,van,6.43,5.0
78.33,17.4,1,9,Sat,rain,van,6.92,7.05
61.5,14.7,5,11,Mon,fog,van,2.6,6.54
23.1,19.0,2,8,Fri,clear,van,4.59,3.13
28.96,55.6,7,22,Sat,rain,van,2.09,5.57
56.89,35.0,4,12,Mon,clear,van,1.35,4.32
26.72,10.1,0,18,Thu,clear,small_truck,8.93,5.64
47.22,7.6,4,22,Sun,rain,small_truck,1.02,4.65
63.62,68.7,1,14,Thu,clear,small_truck,1.35,4.73
53.8,14.4,1,8,Sat,rain,van,8.73,7.88
24.85,56.7,2,16,Sat,clear,van,6.38,4.23
29.68,22.2,3,0,Wed,clear,small_truck,2.82,3.94
54.5,12.8,1,17,Fri,fog,small_truck,6.17,5.52
94.61,13.7,2,0,Sun,clear,large_truck,5.45,6.68
43.1,23.1,3,10,Wed,rain,large_truck,5.64,5.15
64.53,2.6,5,6,Mon,rain,van,5.64,6.71
53.99,13.2,1,20,Sat,rain,van,2.54,5.08
208.4643802986945,85.9,5,15,Wed,fog,van,2.0,5.32
64.84,103.2,1,14,Fri,fog,van,5.14,6.96
20.41,14.5,2,15,Tue,clear,small_truck,5.24,3.56
62.89,40.8,5,17,Tue,clear,van,5.82,6.18
55.36,34.3,3,3,Sat,clear,large_truck,3.89,5.73
35.22,8.7,8,0,Mon,clear,small_truck,2.95,5.9
27.8,41.3,3,22,Thu,rain,large_truck,1.07,3.21
36.59,18.6,3,12,Sat,clear,small_truck,3.05,4.4
32.69,26.8,5,16,Thu,rain,van,9.0,7.72
40.15,47.3,4,8,Tue,clear,van,9.24,7.85
38.23,19.7,5,20,Fri,clear,small_truck,1.52,4.31
35.21,19.5,1,1,Mon,clear,van,2.53,2.96
20.01,38.1,4,10,Fri,clear,large_truck,1.37,4.45
26.01,57.9,4,15,Wed,clear,van,2.49,3.78
69.07,36.6,2,11,Thu,clear,small_truck,2.49,5.34
35.66,20.3,5,22,Sun,rain,van,1.27,3.54
40.48,53.7,4,0,Sun,rain,small_truck,5.48,5.52
37.34,33.3,3,17,Sat,rain,small_truck,8.84,7.81
79.08,66.5,2,21,Thu,rain,van,5.64,7.57
32.34,78.8,7,1,Sat,rain,large_truck,4.72,6.69
196.17654133658255,36.2,1,15,Mon,clear,small_truck,4.8,4.39
55.87,63.3,5,1,Tue,clear,van,4.94,6.1
48.75,64.6,3,14,Thu,clear,large_truck,4.38,5.59
56.52,24.1,3,8,Sat,clear,small_truck,5.19,5.11
55.05,64.6,1,19,Wed,rain,van,1.89,4.42
65.53,27.8,5,5,Wed,rain,van,3.5,5.35
24.55,44.2,3,8,Sun,clear,large_truck,7.3,5.4
53.68,25.7,2,0,Sun,clear,small_truck,1.15,4.37
31.42,6.4,0,17,Mon,clear,van,6.84,3.7
17.2,94.2,3,0,Thu,fog,van,5.44,4.14
54.89,43.0,3,16,Fri,clear,small_truck,3.86,4.92
53.58,45.7,6,8,Fri,clear,van,5.59,7.21
44.71,29.9,3,22,Sun,clear,van,5.93,5.17
66.01,64.3,4,3,Sun,fog,van,2.64,7.0
31.53,23.7,3,15,Tue,clear,van,1.14,2.62
58.58,24.9,4,4,Sun,clear,small_truck,4.42,5.35
42.03,10.2,3,1,Wed,clear,small_truck,5.91,4.89
43.39,32.2,4,20,Mon,clear,small_truck,2.15,4.65
18.42,62.1,2,21,Wed,clear,van,2.08,2.84
66.28,23.9,2,23,Tue,clear,van,3.16,5.06
52.73,8.9,2,4,Sun,clear,small_truck,3.68,4.05
57.66,53.4,3,19,Fri,clear,small_truck,5.07,5.8
29.63,38.4,5,11,Wed,clear,van,5.97,4.99
50.22,86.9,2,5,Mon,clear,small_truck,5.07,5.36
41.99,13.8,3,9,Wed,clear,van,5.04,5.5
53.87,43.1,5,4,Wed,rain,van,4.93,6.1
49.27,8.6,1,14,Thu,clear,small_truck,4.15,4.0
85.42,26.3,3,13,Tue,clear,van,3.45,5.37
74.38,30.3,4,4,Thu,clear,van,4.17,6.37
39.98,5.6,7,18,Thu,fog,large_truck,6.46,7.54
54.87,59.0,2,13,Sat,rain,van,4.16,5.46
38.57,48.2,2,15,Fri,clear,small_truck,4.68,4.19
65.28,38.4,2,3,Sat,clear,van,1.07,4.71
42.73,9.1,4,19,Tue,clear,large_truck,4.08,5.19
36.34,15.0,4,8,Mon,clear,van,5.5,5.24
49.93,52.2,3,11,Thu,clear,large_truck,2.68,4.9
72.0,26.0,3,3,Sun,clear,van,3.22,5.11
67.35,22.1,2,23,Wed,clear,small_truck,5.86,5.52
37.23,63.3,2,12,Sat,clear,small_truck,2.63,4.12
82.29,29.4,3,18,Sun,clear,van,7.85,8.82
30.41,9.9,1,14,Mon,clear,small_truck,2.69,3.31
34.47,51.7,1,1,Mon,clear,van,2.15,3.08
64.16,8.7,4,16,Fri,rain,van,6.95,6.91
17.26,26.2,4,8,Sat,clear,van,3.67,3.1
45.52,32.6,4,14,Fri,clear,small_truck,5.1,5.23
39.91,44.3,2,13,Sun,rain,van,3.49,4.98
84.28,6.8,5,18,Mon,clear,small_truck,6.89,7.39
28.02,2.0,1,5,Thu,clear,small_truck,4.99,3.13
29.39,2.1,7,23,Fri,clear,van,3.04,5.22
89.08,68.8,4,9,Fri,clear,van,6.65,8.14
40.1,5.7,0,17,Mon,clear,small_truck,4.32,3.27
70.85,81.0,1,15,Mon,rain,van,4.57,5.8
37.41,55.7,3,13,Sun,clear,van,5.16,4.48
33.87,11.6,2,13,Wed,rain,van,3.87,3.73
72.29,3.2,3,14,Tue,clear,van,1.19,5.31
98.03,27.8,3,20,Tue,clear,small_truck,4.56,6.35
74.57,17.1,4,6,Tue,clear,van,4.33,5.22
36.4,64.0,1,6,Fri,clear,large_truck,2.71,4.19
44.7,32.4,2,23,Thu,rain,small_truck,3.05,4.3
29.97,26.5,6,22,Sun,clear,large_truck,3.48,5.19
32.18,22.2,2,9,Thu,clear,small_truck,7.87,6.78
31.48,44.2,2,7,Mon,fog,van,7.41,5.56
37.79,24.6,7,17,Thu,clear,van,6.08,7.06
47.67,92.0,4,22,Thu,fog,van,5.03,6.91
14.92,5.4,5,22,Wed,clear,small_truck,5.3,3.62
45.46,20.3,3,5,Sat,clear,small_truck,1.26,3.29
60.39,39.7,2,5,Sun,clear,van,1.35,4.86
48.7,36.0,4,12,Thu,clear,small_truck,3.38,4.89
58.05,91.9,2,4,Sat,rain,van,4.91,7.38
61.79,14.0,1,22,Thu,clear,small_truck,1.55,4.56
36.68,0.8,3,8,Sat,clear,van,8.45,7.41
42.37,52.7,7,6,Thu,rain,van,1.69,5.75
139.0,31.2,0,23,Tue,clear,van,4.48,7.65
35.4,53.0,2,20,Fri,clear,large_truck,5.02,5.07
59.4,34.7,4,22,Wed,rain,small_truck,1.23,5.36
25.31,1.6,8,12,Mon,clear,van,5.24,5.89
62.52,36.4,4,19,Sat,clear,small_truck,5.21,6.13
32.94,13.9,3,10,Thu,clear,van,1.73,3.05
46.13,20.3,3,1,Fri,clear,van,2.05,3.64
23.42,23.9,5,15,Thu,clear,small_truck,5.3,4.55
44.22,8.7,3,1,Sun,clear,van,5.83,4.66
44.6,13.5,5,4,Tue,clear,small_truck,3.42,4.44
41.71,46.4,1,7,Mon,clear,van,4.03,4.02
54.08,46.3,4,15,Thu,clear,small_truck,2.4,4.49
69.77,4.7,2,18,Sun,fog,van,6.59,7.34
29.33,31.5,2,4,Thu,rain,van,4.16,4.19
42.13,50.0,4,17,Wed,clear,van,7.38,6.27
24.18,29.1,7,17,Fri,clear,small_truck,7.98,9.17
19.21,32.9,3,14,Wed,rain,large_truck,5.45,4.07
48.44,5.2,4,14,Thu,clear,van,1.05,4.49
28.34,62.3,4,9,Sun,clear,van,6.6,5.19
45.28,9.5,2,3,Wed,clear,small_truck,2.46,4.09
49.25,19.5,2,3,Thu,clear,van,4.76,4.08
20.78,50.3,4,2,Sat,rain,van,4.4,4.17
52.32,77.8,2,11,Fri,rain,van,5.45,6.4
68.39,20.8,7,14,Wed,clear,van,2.57,6.75
57.18,107.4,5,3,Thu,clear,small_truck,5.28,6.7
29.64,29.9,3,2,Thu,rain,van,3.69,4.3
44.09,27.3,4,16,Wed,clear,van,5.35,5.23
46.14,10.9,1,15,Wed,rain,van,5.15,5.43
42.47,19.8,1,22,Mon,clear,van,2.17,3.44
24.75,31.9,4,23,Thu,clear,large_truck,4.8,4.81
31.7,40.1,3,23,Wed,fog,van,3.68,4.49
40.9,38.7,3,2,Sat,clear,large_truck,3.57,4.27
48.96,18.1,4,8,Fri,clear,large_truck,6.26,6.04
35.3,68.4,4,11,Fri,clear,van,5.88,4.75
13.29,28.1,6,17,Tue,clear,large_truck,6.91,6.52
18.19,26.6,2,22,Mon,rain,van,1.22,2.2
36.23,10.2,1,19,Wed,clear,van,5.78,3.63
85.37,43.1,2,22,Thu,clear,small_truck,2.41,5.4
52.47,25.5,2,0,Thu,rain,van,3.35,5.06
48.38,21.1,4,0,Mon,rain,small_truck,5.12,5.26
31.49,7.3,2,9,Tue,clear,large_truck,3.91,4.03
36.94,7.6,4,19,Sat,fog,large_truck,2.16,4.47
17.56,34.5,3,7,Sun,clear,small_truck,8.21,6.43
30.57,75.4,3,5,Sun,rain,small_truck,1.59,4.03
51.39,22.4,4,5,Thu,clear,small_truck,3.58,5.89
48.53,22.3,4,17,Fri,,van,4.92,5.27
33.88,43.5,4,18,Fri,rain,van,5.57,5.42
42.45,60.8,1,8,Wed,rain,small_truck,7.03,5.69
45.47,16.7,5,1,Wed,clear,van,5.8,5.15
34.66,10.3,2,5,Mon,rain,small_truck,3.87,4.23
53.71,24.9,4,6,Mon,clear,van,2.81,4.35
48.17,38.3,2,11,Wed,clear,small_truck,1.4,3.63
37.51,2.2,2,9,Wed,rain,small_truck,6.45,4.47
25.49,18.7,1,4,Thu,rain,van,5.07,3.68
36.37,22.9,1,23,Sun,clear,small_truck,4.78,3.73
35.34,20.5,4,10,Sun,clear,small_truck,2.78,3.75
33.85,6.6,3,5,Tue,clear,small_truck,1.85,3.61
21.18,18.8,2,9,Thu,clear,van,7.48,4.77
75.84,23.2,2,17,Thu,clear,van,7.57,7.44
74.31,12.0,1,23,Sun,fog,large_truck,3.81,6.76
41.82,32.1,5,10,Wed,clear,van,3.71,5.01
48.87,48.2,5,13,Wed,clear,van,4.53,6.0
53.33,49.4,1,7,Sat,clear,small_truck,4.83,4.81
42.1,14.7,2,16,Mon,clear,van,7.87,7.31
50.29,37.8,1,16,Mon,clear,large_truck,5.2,5.23
56.41,35.5,2,4,Fri,rain,van,1.8,4.03
47.44,86.9,6,13,Wed,clear,small_truck,1.26,6.27
60.44,37.9,4,23,Tue,clear,van,4.07,5.46
33.36,39.6,2,5,Sat,clear,van,5.82,4.83
44.07,55.2,1,11,Tue,rain,small_truck,1.74,4.77
117.88,8.3,3,16,Mon,clear,van,5.91,7.41
66.15,27.5,2,1,Mon,clear,van,5.47,5.88
47.88,78.6,5,12,Sun,rain,van,5.25,6.35
29.36,79.7,5,14,Thu,clear,van,3.12,4.33
45.0,18.8,5,13,Mon,clear,large_truck,4.72,6.03
64.34,77.1,1,7,Tue,rain,small_truck,3.47,5.67
58.96,21.2,1,19,Wed,clear,van,4.78,4.72
18.9,33.0,0,7,Sun,rain,van,8.3,5.69
21.54,5.5,4,12,Thu,clear,small_truck,3.91,3.9
22.0,66.3,1,7,Sat,clear,van,4.66,4.17
53.68,20.3,3,20,Thu,clear,van,2.48,5.03
22.13,6.8,5,10,Sat,clear,large_truck,1.86,4.01
28.81,23.7,6,9,Mon,clear,small_truck,3.69,4.7
41.47,1.4,5,6,Wed,clear,van,5.5,5.62
68.69,42.2,2,12,Thu,clear,van,1.91,5.1
54.72,58.0,1,18,Mon,clear,small_truck,4.6,5.44
39.41,10.7,0,14,Tue,clear,small_truck,4.5,3.53
61.14,10.3,4,4,Fri,clear,van,2.61,4.83
95.65,40.0,3,0,Fri,clear,small_truck,3.02,6.91
45.17,43.5,6,3,Mon,rain,large_truck,1.28,7.03
24.83,15.4,3,21,Tue,fog,van,5.63,4.56
29.25,12.1,6,2,Thu,clear,small_truck,5.98,5.54
29.13,51.1,3,4,Tue,clear,large_truck,2.84,4.38
32.0,6.1,7,9,Mon,clear,small_truck,5.64,6.15
38.25,17.9,0,4,Mon,clear,large_truck,4.53,3.46
49.55,11.8,2,2,Thu,clear,van,4.79,4.43
23.15,39.5,3,4,Wed,rain,small_truck,1.77,3.75
25.09,12.6,2,0,Thu,fog,van,3.43,4.01
56.21,55.9,7,12,Fri,clear,van,1.98,6.22
35.41,17.4,2,7,Thu,clear,small_truck,5.33,4.12
30.47,34.5,2,6,Thu,clear,small_truck,3.47,3.71
40.08,12.9,2,23,Sat,clear,van,3.0,4.36
73.56,29.8,5,22,Tue,rain,van,3.38,7.13
59.36,14.4,1,0,Tue,clear,van,2.92,4.42
57.7,9.7,2,21,Sat,clear,large_truck,1.37,4.56
84.01,43.4,3,1,Tue,clear,small_truck,1.38,5.63
50.52,12.5,1,14,Sun,clear,van,2.31,4.01
87.21,12.7,6,13,Wed,clear,van,3.61,7.03
90.13,27.9,2,14,Mon,clear,large_truck,2.06,6.15
23.48,31.7,5,11,Fri,clear,small_truck,4.13,3.52
20.6,9.4,4,16,Wed,clear,small_truck,7.85,5.82
28.3,37.3,4,2,Mon,rain,small_truck,5.46,4.23
70.55,13.5,0,10,Tue,clear,van,5.72,5.87
40.42,7.2,3,21,Sun,clear,van,2.82,3.74
38.33,20.0,4,13,Thu,clear,van,5.72,4.38
61.82,19.8,7,16,Tue,rain,van,8.97,12.76
34.65,35.0,4,1,Thu,clear,small_truck,2.58,3.86
47.86,89.0,4,11,Mon,rain,small_truck,2.85,5.93
56.2,27.5,1,2,Wed,fog,large_truck,1.84,5.01
29.42,38.6,2,13,Fri,clear,van,5.35,4.44
26.52,5.3,2,8,Sun,fog,small_truck,7.2,4.92
45.06,57.7,8,19,Tue,clear,large_truck,2.03,6.27
47.45,22.8,5,18,Sat,clear,van,8.86,7.73
59.86,7.8,3,2,Wed,clear,van,5.25,4.97
27.99,56.2,1,8,Sun,clear,large_truck,7.74,6.16
32.42,23.6,2,22,Mon,clear,van,2.97,2.74
89.75,50.0,4,0,Mon,clear,small_truck,2.1,6.71
65.53,95.5,7,2,Thu,clear,van,4.83,8.46
42.0,6.0,6,22,Sat,clear,van,4.85,5.67
69.84,13.0,3,11,Wed,clear,large_truck,3.55,4.73
28.03,43.9,2,14,Mon,clear,van,4.71,4.07
39.98,24.8,6,5,Tue,clear,van,2.0,5.3
9.98,1.6,3,9,Wed,clear,van,6.79,3.33
47.28,18.3,3,15,Wed,clear,van,2.63,4.12
38.09,20.8,5,7,Fri,fog,van,8.45,7.25
38.65,23.6,2,20,Sat,clear,small_truck,3.12,3.89
58.63,12.6,4,22,Mon,clear,van,2.03,4.57
65.91,68.0,7,14,Sat,clear,van,1.98,7.46
36.39,5.3,4,6,Sun,,van,5.98,4.89
24.06,33.2,4,5,Wed,,small_truck,6.0,4.98
21.85,15.5,2,0,Tue,,van,5.0,4.26
16.73,14.5,5,18,Sun,clear,large_truck,6.06,4.42
83.42,61.9,1,21,Sun,clear,large_truck,4.33,5.72
58.73,19.9,2,22,Mon,clear,van,4.51,5.22
53.47,33.3,2,23,Sat,clear,van,1.65,4.54
34.4,46.0,4,3,Sat,clear,small_truck,1.72,4.51
34.32,25.7,4,16,Wed,clear,van,6.19,4.89
66.8,62.5,1,6,Sun,clear,small_truck,2.87,4.83
20.65,7.0,3,4,Tue,clear,large_truck,3.34,2.98
37.06,34.9,2,12,Fri,clear,small_truck,2.51,3.44
70.77,89.7,4,16,Fri,clear,van,7.99,8.59
37.03,32.7,4,17,Mon,clear,van,8.32,7.24
57.49,4.0,3,11,Sun,clear,van,5.36,5.82
42.7,35.8,4,3,Sun,rain,van,3.05,4.62
11.49,69.9,4,1,Wed,clear,small_truck,2.46,3.61
41.95,18.5,2,1,Thu,clear,van,1.75,3.75
45.44,18.3,4,18,Wed,clear,small_truck,7.15,5.73
40.59,42.6,4,13,Tue,rain,small_truck,1.19,4.4
25.96,37.2,1,8,Sun,rain,van,8.71,7.08
40.78,26.5,2,19,Sun,rain,small_truck,3.38,4.49
17.25,13.4,1,8,Fri,clear,small_truck,7.21,4.35
36.87,16.8,4,7,Wed,clear,van,6.62,6.11
59.39,10.1,2,19,Fri,rain,small_truck,1.02,4.34
81.48,3.5,5,13,Thu,rain,van,4.94,7.13
75.81,57.8,2,16,Sat,rain,small_truck,5.55,6.98
27.71,44.3,4,19,Thu,rain,large_truck,3.03,4.34
22.29,41.1,2,7,Tue,clear,small_truck,8.21,6.28
47.29,40.6,1,0,Sun,clear,van,2.74,4.49
44.21,21.3,2,15,Wed,clear,van,4.24,4.25
55.74,19.0,0,8,Thu,clear,large_truck,8.62,8.36
33.17,7.9,6,23,Fri,clear,small_truck,5.91,5.97
44.78,47.0,2,7,Sun,clear,van,8.09,7.81
43.78,125.9,5,19,Wed,fog,small_truck,1.12,6.82
37.41,34.6,1,17,Tue,clear,van,6.61,4.52
19.97,51.8,2,16,Mon,clear,large_truck,7.2,5.04
59.03,52.0,6,15,Fri,clear,van,1.62,6.54
47.43,73.0,4,1,Wed,clear,van,4.75,5.28
60.73,11.9,2,19,Thu,rain,van,2.87,5.64
66.78,5.4,2,6,Sat,rain,van,4.12,5.18
42.18,29.6,6,13,Wed,clear,small_truck,2.34,5.4
59.18,22.9,4,6,Fri,rain,small_truck,1.89,5.19
82.29,118.7,3,5,Tue,clear,small_truck,2.98,6.87
93.39,10.2,2,9,Fri,,van,4.58,6.3
49.83,88.8,2,10,Mon,clear,small_truck,5.93,5.52
51.46,23.1,9,21,Tue,rain,small_truck,4.63,7.71
49.48,9.1,5,9,Tue,clear,small_truck,3.63,4.56
54.92,77.8,1,22,Tue,clear,small_truck,2.92,5.27
65.57,12.0,2,16,Fri,clear,van,7.72,7.82
49.05,52.1,2,15,Wed,rain,large_truck,3.98,5.29
91.09,30.3,1,22,Tue,rain,van,3.42,7.65
85.59,88.6,2,23,Tue,rain,small_truck,3.68,7.03
45.39,60.1,1,10,Sat,clear,van,2.52,3.64
45.27,22.6,4,9,Thu,clear,van,5.2,4.62
36.21,78.1,5,15,Sun,clear,van,1.99,4.23
56.16,37.9,2,4,Thu,clear,large_truck,4.55,5.68
38.81,27.1,4,4,Fri,rain,small_truck,2.18,4.92
35.49,29.8,1,7,Sun,clear,van,6.74,3.93
55.65,53.5,2,13,Sat,clear,large_truck,5.63,6.04
27.03,21.7,5,23,Sat,clear,van,3.03,3.43
66.05,16.9,5,17,Fri,clear,small_truck,5.27,6.56
56.58,13.7,4,7,Sun,clear,large_truck,6.02,6.08
83.69,34.3,1,18,Sun,rain,small_truck,5.46,6.7
50.21,14.6,5,12,Mon,rain,van,4.66,5.86
60.22,54.1,5,23,Sat,,large_truck,4.39,6.85
13.83,21.3,1,14,Mon,clear,small_truck,2.26,1.71
63.49,40.1,0,23,Wed,clear,van,3.1,4.88
73.28,62.5,5,18,Sat,clear,small_truck,5.7,6.83
47.89,74.5,3,12,Sat,clear,van,5.34,6.04
36.09,31.7,3,18,Fri,clear,van,6.44,5.29
50.7,2.9,2,20,Fri,rain,small_truck,3.89,4.34
66.02,3.2,2,4,Tue,rain,small_truck,5.7,5.84
69.66,53.1,3,17,Sat,clear,small_truck,5.01,6.36
20.06,11.3,3,23,Mon,clear,small_truck,4.64,4.04
125.98,20.5,3,12,Wed,clear,large_truck,4.28,8.27
35.57,58.7,2,10,Mon,fog,van,1.75,4.45
60.65,17.1,1,0,Thu,rain,van,5.92,5.36
76.74,7.9,2,17,Sun,rain,van,7.28,7.06
43.63,21.0,2,23,Sun,clear,large_truck,3.14,4.23
70.81,46.0,3,14,Mon,rain,van,3.8,5.67
19.98,16.8,4,23,Sun,,van,2.8,3.44
16.49,41.5,3,3,Tue,clear,large_truck,2.31,3.27
71.9,8.2,5,12,Wed,clear,small_truck,5.48,7.02
68.22,13.3,2,18,Tue,clear,van,7.73,8.13
53.35,21.3,0,8,Thu,clear,large_truck,6.01,5.02
66.1,64.2,4,20,Mon,clear,van,5.26,6.76
86.58,18.7,1,2,Wed,clear,small_truck,3.21,5.79
77.76,16.5,2,20,Wed,clear,van,1.92,4.96
44.72,16.5,3,1,Sat,clear,small_truck,1.76,3.42
50.49,41.5,1,2,Sun,clear,van,5.7,4.78
41.51,49.2,3,19,Mon,clear,small_truck,2.91,4.3
39.25,62.2,1,23,Wed,clear,small_truck,2.98,3.98
63.33,98.1,5,9,Sun,clear,van,6.81,7.28
41.31,34.5,4,5,Sun,rain,large_truck,3.88,5.76
63.27,14.7,1,13,Thu,clear,small_truck,3.16,5.04
43.61,23.8,4,6,Sat,clear,van,5.68,4.96
46.33,11.8,6,7,Tue,clear,van,4.8,5.62
31.41,29.9,4,0,Sat,clear,van,1.57,3.23
62.58,13.7,6,14,Mon,clear,small_truck,5.98,7.89
19.41,62.0,3,3,Thu,rain,large_truck,2.1,4.25
469.52585903798007,32.5,3,18,Thu,rain,van,8.34,8.77
105.96,75.9,1,4,Tue,clear,van,5.23,6.68
47.01,48.0,5,21,Fri,clear,small_truck,4.89,5.44
46.13,44.9,3,16,Sun,clear,large_truck,5.38,6.18
22.47,7.9,1,11,Fri,rain,van,1.17,2.7
36.54,41.4,3,10,Tue,rain,van,1.85,4.0
66.4,96.7,2,7,Thu,clear,small_truck,7.0,6.84
70.35,19.2,7,1,Fri,rain,large_truck,4.96,7.7
49.53,55.5,3,1,Thu,clear,small_truck,2.96,4.71
64.76,5.7,1,13,Tue,clear,small_truck,1.16,4.64
31.69,10.3,3,20,Wed,clear,van,1.36,3.02
54.35,25.1,5,16,Thu,clear,large_truck,6.97,6.6
80.85,16.7,2,20,Tue,clear,small_truck,1.14,5.24
58.75,13.5,2,17,Wed,clear,small_truck,6.86,5.25
86.01,16.8,4,8,Tue,rain,large_truck,5.83,8.07
87.13,38.2,1,22,Mon,clear,large_truck,3.44,5.68
55.81,56.0,1,4,Wed,clear,van,4.96,4.78
8.32,40.5,2,6,Mon,clear,van,3.76,2.69
69.73,42.3,2,16,Sat,clear,van,8.15,8.03
25.85,26.0,4,0,Mon,fog,large_truck,5.24,5.16
12.16,10.0,2,18,Mon,rain,small_truck,5.46,3.4
18.09,24.4,4,7,Wed,clear,small_truck,3.15,3.47
71.79,30.4,3,17,Fri,clear,van,8.59,8.67
56.0,57.7,1,17,Thu,clear,van,6.76,5.22
50.1,84.1,4,1,Mon,clear,van,5.59,5.13
58.25,35.9,7,7,Wed,,large_truck,3.59,7.08
18.65,53.7,7,23,Mon,clear,van,5.93,5.85
41.43,2.2,1,22,Wed,clear,small_truck,5.92,4.49
34.06,21.0,3,13,Tue,rain,van,2.34,3.65
48.46,25.9,1,10,Sun,clear,van,1.29,2.81
49.19,39.8,6,14,Wed,rain,van,2.86,6.35
57.21,85.5,7,17,Fri,rain,van,6.15,8.99
60.84,34.3,4,1,Tue,rain,small_truck,2.34,5.81
19.11,4.9,3,7,Thu,,van,4.94,3.09
41.67,42.6,5,0,Sun,clear,small_truck,5.33,5.31
45.72,19.7,2,12,Mon,clear,van,2.06,3.55
25.51,39.7,3,3,Wed,rain,large_truck,5.37,4.73
24.29,45.1,1,21,Wed,clear,van,2.29,2.74
18.15,4.5,2,9,Thu,clear,small_truck,8.79,5.47
22.72,24.8,4,21,Wed,fog,large_truck,2.41,4.09
64.6,25.6,1,22,Sun,rain,large_truck,1.5,5.73
20.66,34.0,3,6,Mon,clear,small_truck,5.11,3.79
22.33,14.5,3,17,Tue,rain,small_truck,5.2,3.65
47.61,11.1,3,1,Thu,rain,small_truck,2.54,5.2
54.25,84.5,4,23,Fri,rain,small_truck,3.04,6.8
45.11,31.5,2,18,Mon,clear,large_truck,6.83,5.36
27.81,12.2,3,16,Sat,clear,small_truck,7.66,6.53
24.54,17.1,3,13,Thu,rain,small_truck,1.38,3.42
47.05,87.1,2,2,Tue,clear,large_truck,5.77,6.15
42.99,65.5,8,6,Wed,clear,van,1.26,5.58
38.34,15.5,2,16,Mon,rain,small_truck,7.34,5.41
63.4,10.1,2,5,Fri,clear,van,4.58,4.53
41.79,10.8,4,15,Sat,fog,van,2.45,4.9
23.54,60.8,2,19,Sun,fog,small_truck,3.99,4.88
38.44,18.7,3,21,Wed,clear,van,3.75,4.2
56.83,6.5,3,1,Tue,clear,van,4.33,4.5
40.7,17.6,3,13,Wed,clear,small_truck,4.69,4.96
56.41,33.7,1,3,Mon,clear,van,3.57,4.17
61.1,24.5,3,5,Wed,clear,small_truck,4.58,5.6
41.85,66.3,6,21,Mon,clear,van,1.99,5.42
45.02,34.0,0,17,Mon,clear,large_truck,6.8,4.47
39.59,37.6,3,16,Wed,rain,van,6.2,5.1
56.93,51.4,1,18,Sat,clear,small_truck,8.77,6.81
39.05,49.5,2,2,Sun,clear,van,5.28,4.16
54.59,17.5,3,12,Sun,clear,van,1.01,4.96
49.54,10.3,2,5,Sun,clear,van,4.8,3.35
18.04,32.0,4,2,Sun,clear,van,4.01,3.06
55.85,28.8,1,21,Fri,rain,large_truck,4.57,6.14
47.61,34.2,5,9,Tue,clear,small_truck,6.18,5.63
74.26,36.4,2,4,Sat,fog,van,4.99,6.92
26.06,80.2,4,20,Sun,clear,small_truck,1.7,4.08
49.88,21.6,3,16,Thu,clear,van,8.98,7.17
36.66,37.5,2,7,Fri,rain,small_truck,6.14,5.54
19.05,10.3,7,19,Wed,clear,small_truck,1.53,4.47
16.29,13.5,2,17,Fri,clear,small_truck,6.96,3.79
80.54,27.4,4,6,Mon,clear,large_truck,2.93,6.59
49.95,11.8,3,6,Sat,rain,small_truck,2.27,4.16
41.24,43.2,1,4,Thu,clear,van,4.35,4.11
21.61,38.7,2,7,Sat,clear,van,6.33,3.73
78.52,15.7,3,6,Wed,rain,large_truck,2.08,5.78
32.51,22.9,2,8,Wed,clear,van,7.44,5.62
50.94,61.2,3,4,Tue,rain,van,2.75,5.24
46.81,31.7,4,3,Fri,clear,small_truck,1.26,4.72
93.89,112.4,3,17,Sun,clear,van,5.05,7.39
44.55,22.9,4,8,Fri,clear,van,5.91,4.86
35.66,25.1,1,2,Sun,clear,small_truck,3.87,2.48
50.27,27.4,3,17,Mon,clear,van,5.96,5.17
52.56,5.6,4,5,Sat,fog,small_truck,5.59,5.71
121.1,24.2,4,9,Mon,clear,van,5.37,8.2
44.23,23.5,1,20,Thu,clear,small_truck,5.34,3.94
25.66,46.1,3,7,Thu,clear,small_truck,6.17,4.91
38.35,62.9,4,4,Thu,clear,van,4.41,5.75
50.22,21.4,5,16,Thu,clear,small_truck,6.75,7.33
54.09,2.9,1,1,Sat,clear,small_truck,1.54,3.88
20.66,30.7,3,12,Fri,clear,large_truck,3.11,3.66
36.37,11.7,0,19,Mon,clear,van,4.38,3.07
91.52,32.8,7,10,Sat,clear,small_truck,2.38,7.53
29.68,32.1,7,3,Wed,rain,large_truck,2.65,5.53
64.02,14.7,5,19,Fri,clear,small_truck,4.51,6.49
38.91,30.9,4,17,Sun,clear,large_truck,7.07,5.75
45.34,6.7,2,9,Tue,clear,van,7.49,6.05
21.9,34.3,3,3,Fri,clear,small_truck,4.68,3.6
40.55,49.2,6,13,Fri,rain,small_truck,5.21,6.88
49.96,39.9,0,18,Thu,clear,van,6.02,4.15
44.47,17.8,5,0,Tue,rain,small_truck,4.48,5.74
41.65,46.6,0,11,Sat,clear,van,1.06,3.18
57.05,42.9,2,8,Sat,rain,large_truck,4.82,5.94
